20061;# speaker = Т;;;;;;;;;;;;;;;;
20062;# sent = 1451;;;;;;;;;;;;;;;;
20063;;я;Я;SPRO sg 1p - nom;;;   _я_ поздно возвращалась в;я;;;;;;SPRO;Я;SPRO sg 1p - nom;Я
20064;;поздно;ПОЗДНО;ADV -;;;  я _поздно_ возвращалась в общежитие;о;н;д;з;о;п;ADV;ПОЗДНО;ADV -;О
20065;;возвращалась;ВОЗВРАЩАТЬСЯ;V ipf praet sg indic f -;;; я поздно _возвращалась_ в общежитие ...;ь;с;а;л;а;щ;V;ВОЗВРАЩАТЬСЯ;V ipf praet sg indic f -;Я
20066;;в;В;PR;;;я поздно возвращалась _в_ общежитие ... ;в;;;;;;PR;В;PR;В
20067;;общежитие;ОБЩЕЖИТИЕ;S n inan acc sg;;;поздно возвращалась в _общежитие_ ...  ;е;и;т;и;ж;е;S;ОБЩЕЖИТИЕ;S n inan acc sg;Е
20068;;...;...;PUNCT;;;;;;;;;;PUNCT;;;
20069;;;;;;;;;;;;;;;;;
20070;# sent = 1452;;;;;;;;;;;;;;;;
20071;# speaker = М;;;;;;;;;;;;;;;;
20072;# sent = 1453;;;;;;;;;;;;;;;;
20073;;слушай;СЛУШАТЬ;V ipf - sg imper - 2p;;;   _слушай_ / ну это;й;а;ш;у;л;с;V;СЛУШАТЬ;V ipf - sg imper - 2p;Ь
20074;;/;/;PUNCT;;;;;;;;;;PUNCT;;;
20075;;ну;НУ;PART;;; слушай / _ну_ это вот на;у;н;;;;;PART;НУ;PART;У
20076;;это;ЭТО;SPRO n - nom sg;;;слушай / ну _это_ вот на днях;о;т;э;;;;SPRO;ЭТО;S n - nom sg;О
20077;;вот;ВОТ;PART;;;/ ну это _вот_ на днях было;т;о;в;;;;PART;ВОТ;PART;Т
20078;;на;НА;PR;;;ну это вот _на_ днях было ?;а;н;;;;;PR;НА;PR;А
20079;;днях;ДЕНЬ;S m inan loc pl;;;это вот на _днях_ было ? ;х;я;н;д;;;S;ДЕНЬ;S m inan loc pl;Ь
20080;;было;БЫТЬ;V ipf praet sg indic n -;;;вот на днях _было_ ?  ;о;л;ы;б;;;V;БЫТЬ;V ipf praet sg indic n -;Ь
20081;;?;?;PUNCT;;;;;;;;;;PUNCT;;;
20082;;;;;;;;;;;;;;;;;
20083;# sent = 1454;;;;;;;;;;;;;;;;
20084;# speaker = Т;;;;;;;;;;;;;;;;
20085;# sent = 1455;;;;;;;;;;;;;;;;
20086;;это;ЭТО;SPRO n - nom sg;;;   _это_ было этим летом;о;т;э;;;;SPRO;ЭТО;S n - nom sg;О
20087;;было;БЫТЬ;V ipf praet sg indic n -;;;  это _было_ этим летом ;о;л;ы;б;;;V;БЫТЬ;V ipf praet sg indic n -;Ь
20088;;этим;ЭТОТ;APRO - ins sg plen - -;;; это было _этим_ летом  ;м;и;т;э;;;APRO;ЭТО;S n - ins sg;Т
20089;;летом;ЛЕТО;S n inan ins sg;;;это было этим _летом_   ;м;о;т;е;л;;S;ЛЕТО;S n inan ins sg;О
20090;;;;;;;;;;;;;;;;;
20091;# sent = 1456;;;;;;;;;;;;;;;;
20092;# speaker = М;;;;;;;;;;;;;;;;
20093;# sent = 1457;;;;;;;;;;;;;;;;
20094;;летом;ЛЕТО;S n inan ins sg;;;   _летом_   ;м;о;т;е;л;;S;ЛЕТО;S n inan ins sg;О
20095;;;;;;;;;;;;;;;;;
20096;# sent = 1458;;;;;;;;;;;;;;;;
20097;# speaker = Т;;;;;;;;;;;;;;;;
20098;# sent = 1459;;;;;;;;;;;;;;;;
20099;;да;ДА;PART;;;   _да_ // поздно возвращалась;а;д;;;;;CONJ;ДА;CONJ;А
20100;;//;//;PUNCT;;;;;;;;;;PUNCT;;;
20101;;поздно;ПОЗДНО;ADV -;;; да // _поздно_ возвращалась в общежитие;о;н;д;з;о;п;ADV;ПОЗДНО;ADV -;О
20102;;возвращалась;ВОЗВРАЩАТЬСЯ;V ipf praet sg indic f -;;;да // поздно _возвращалась_ в общежитие с;ь;с;а;л;а;щ;V;ВОЗВРАЩАТЬСЯ;V ipf praet sg indic f -;Я
20103;;в;В;PR;;;// поздно возвращалась _в_ общежитие с работы;в;;;;;;PR;В;PR;В
20104;;общежитие;ОБЩЕЖИТИЕ;S n inan acc sg;;;поздно возвращалась в _общежитие_ с работы /;е;и;т;и;ж;е;S;ОБЩЕЖИТИЕ;S n inan acc sg;Е
20105;;с;С;PR;;;возвращалась в общежитие _с_ работы / зашла;с;;;;;;PR;С;PR;С
20106;;работы;РАБОТА;S f inan gen sg;;;в общежитие с _работы_ / зашла в;ы;т;о;б;а;р;S;РАБОТА;S f inan gen sg;А
20107;;/;/;PUNCT;;;;;;;;;;PUNCT;;;
20108;;зашла;ЗАЙТИ;V pf praet sg indic f -;;;с работы / _зашла_ в лифт /;а;л;ш;а;з;;V;ЗАЙТИ;V pf praet sg indic f -;И
20109;;в;В;PR;;;работы / зашла _в_ лифт / со;в;;;;;;PR;В;PR;В
20110;;лифт;ЛИФТ;S m inan acc sg;;;/ зашла в _лифт_ / со своей;т;ф;и;л;;;S;ЛИФТ;S m inan acc sg;Т
20111;;/;/;PUNCT;;;;;;;;;;PUNCT;;;
20112;;со;СО;PR;;;в лифт / _со_ своей соседкой по;о;с;;;;;PR;СО;PR;О
20113;;своей;СВОЙ;APRO - ins sg plen f -;;;лифт / со _своей_ соседкой по квартире;й;е;о;в;с;;APRO;СВОЙ;A - ins sg plen f -;Й
20114;;соседкой;СОСЕДКА;S f anim ins sg;;;/ со своей _соседкой_ по квартире /;й;о;к;д;е;с;S;СОСЕДКА;S f anim ins sg;А
20115;;по;ПО;PR;;;со своей соседкой _по_ квартире / и;о;п;;;;;PR;ПО;PR;О
20116;;квартире;КВАРТИРА;S f inan dat sg;;;своей соседкой по _квартире_ / и там;е;р;и;т;р;а;S;КВАРТИРА;S f inan loc sg;А
20117;;/;/;PUNCT;;;;;;;;;;PUNCT;;;
20118;;и;И;CONJ;;;по квартире / _и_ там было ещё;и;;;;;;CONJ;И;CONJ;И
20119;;там;ТАМ;ADVPRO;;;квартире / и _там_ было ещё три;м;а;т;;;;ADV;ТАМ;ADV -;М
20120;;было;БЫТЬ;V ipf praet sg indic n -;;;/ и там _было_ ещё три человека;о;л;ы;б;;;V;БЫТЬ;V ipf praet sg indic n -;Ь
20121;;ещё;ЕЩЕ;ADV -;;;и там было _ещё_ три человека //;ё;щ;е;;;;ADV;ЕЩЕ;ADV -;Е
20122;;три;ТРИ;NUM nom - -;;;там было ещё _три_ человека // Было;и;р;т;;;;NUM;ТРИ;NUM nom - -;И
20123;;человека;ЧЕЛОВЕК;S m anim gen sg;;;было ещё три _человека_ // Было время;а;к;е;в;о;л;S;ЧЕЛОВЕК;S m anim gen sg;К
20124;;//;//;PUNCT;;;;;;;;;;PUNCT;;;
20125;;Было;БЫТЬ;V ipf praet sg indic n -;;;три человека // _Было_ время около двенадцати;о;л;ы;б;;;V;БЫТЬ;V ipf praet sg indic n -;Ь
20126;;время;ВРЕМЯ;S n inan nom sg;;;человека // Было _время_ около двенадцати часов;я;м;е;р;в;;S;ВРЕМЯ;S n inan nom sg;Я
20127;;около;ОКОЛО;PR;;;// Было время _около_ двенадцати часов ночи;о;л;о;к;о;;PR;ОКОЛО;PR;О
20128;;двенадцати;ДВЕНАДЦАТЬ;NUM gen - -;;;Было время около _двенадцати_ часов ночи //;и;т;а;ц;д;а;NUM;ДВЕНАДЦАТЬ;NUM loc - -;Ь
20129;;часов;ЧАС;S m inan gen pl;;;время около двенадцати _часов_ ночи // эээ;в;о;с;а;ч;;S;ЧАС;S m inan gen pl;С
20130;;ночи;НОЧЬ;S f inan gen sg;;;около двенадцати часов _ночи_ // эээ //;и;ч;о;н;;;S;НОЧЬ;S f inan gen sg;Ь
20131;;//;//;PUNCT;;;;;;;;;;PUNCT;;;
20132;;эээ;ЭЭЭ;INTJ;;;часов ночи // _эээ_ // мы зашли;э;э;э;;;;NONLEX;ЭЭЭ;NONLEX;Э
20133;;//;//;PUNCT;;;;;;;;;;PUNCT;;;
20134;;мы;МЫ;SPRO pl 1p - nom;;;// эээ // _мы_ зашли // эээ;ы;м;;;;;SPRO;МЫ;SPRO pl 1p - nom;Ы
20135;;зашли;ЗАЙТИ;V pf praet pl indic - -;;;эээ // мы _зашли_ // эээ поднялись;и;л;ш;а;з;;V;ЗАЙТИ;V pf praet pl indic - -;И
20136;;//;//;PUNCT;;;;;;;;;;PUNCT;;;
20137;;эээ;ЭЭЭ;INTJ;;;мы зашли // _эээ_ поднялись / ну;э;э;э;;;;NONLEX;ЭЭЭ;NONLEX;Э
20138;;поднялись;ПОДНЯТЬСЯ;V pf praet pl indic - -;;;зашли // эээ _поднялись_ / ну пришли;ь;с;и;л;я;н;V;ПОДНЯТЬСЯ;V pf praet pl indic - -;Я
20139;;/;/;PUNCT;;;;;;;;;;PUNCT;;;
20140;;ну;НУ;PART;;;эээ поднялись / _ну_ пришли в квартиру;у;н;;;;;PART;НУ;PART;У
20141;;пришли;ПРИЙТИ;V pf praet pl indic - -;;;поднялись / ну _пришли_ в квартиру /;и;л;ш;и;р;п;V;ПРИЙТИ;V pf praet pl indic - -;И
20142;;в;В;PR;;;/ ну пришли _в_ квартиру / и;в;;;;;;PR;В;PR;В
20143;;квартиру;КВАРТИРА;S f inan acc sg;;;ну пришли в _квартиру_ / и потом;у;р;и;т;р;а;S;КВАРТИРА;S f inan acc sg;А
20144;;/;/;PUNCT;;;;;;;;;;PUNCT;;;
20145;;и;И;CONJ;;;в квартиру / _и_ потом я смотрю;и;;;;;;CONJ;И;CONJ;И
20146;;потом;ПОТОМ;ADV -;;;квартиру / и _потом_ я смотрю мне;м;о;т;о;п;;ADV;ПОТОМ;ADV -;М
20147;;я;Я;SPRO sg 1p - nom;;;/ и потом _я_ смотрю мне вконтакте;я;;;;;;SPRO;Я;SPRO sg 1p - nom;Я
20148;;смотрю;СМОТРЕТЬ;V ipf praes sg indic - 1p;;;и потом я _смотрю_ мне вконтакте приходит;ю;р;т;о;м;с;V;СМОТРЕТЬ;V ipf praes sg indic - 1p;Ь
20149;;мне;Я;SPRO sg 1p - dat;;;потом я смотрю _мне_ вконтакте приходит сообщение;е;н;м;;;;SPRO;Я;SPRO sg 1p - dat;Я
20150;;вконтакте;ВКОНТАКТЕ;S m inan loc sg;anom;;я смотрю мне _вконтакте_ приходит сообщение //;е;т;к;а;т;н;S;ВКОНТАКТЕ;S m inan loc sg;Е
20151;;приходит;ПРИХОДИТЬ;V ipf praes sg indic - 3p;;;смотрю мне вконтакте _приходит_ сообщение // ты;т;и;д;о;х;и;V;ПРИХОДИТЬ;V ipf praes sg indic - 3p;Ь
20152;;сообщение;СООБЩЕНИЕ;S n inan nom sg;;;мне вконтакте приходит _сообщение_ // ты ;е;и;н;е;щ;б;S;СООБЩЕНИЕ;S n inan nom sg;Е
20153;;//;//;PUNCT;;;;;;;;;;PUNCT;;;
20154;;ты;ТЫ;SPRO sg 2p - nom;;;приходит сообщение // _ты_  чё ;ы;т;;;;;SPRO;ТЫ;SPRO sg 2p - nom;Ы
20155;"<distinct form=""";;;;;;;;;;;;;;;;
20156;<dist>;чё;;;;;;;;;;;;;;;
20157;""">";;;;;;;;;;;;;;;;
20158;;что;ЧТО;SPRO n inan nom sg;;; чё  _что_  так поздно;о;т;ч;;;;ADV;ЧТО;ADV -;О
20159;</distinct>;;;;;;;;;;;;;;;;
20160;;так;ТАК;ADV -;;; что  _так_ поздно возвращаешься ?;к;а;т;;;;ADV;ТАК;ADV -;К
20161;;поздно;ПОЗДНО;ADV -;;;что  так _поздно_ возвращаешься ? ;о;н;д;з;о;п;ADV;ПОЗДНО;ADV -;О
20162;;возвращаешься;ВОЗВРАЩАТЬСЯ;V ipf praes sg indic - 2p;;; так поздно _возвращаешься_ ?  ;я;с;ь;ш;е;а;V;ВОЗВРАЩАТЬСЯ;V ipf praes sg indic - 2p;Я
20163;;?;?;PUNCT;;;;;;;;;;PUNCT;;;
20164;;;;;;;;;;;;;;;;;
20165;# sent = 1460;;;;;;;;;;;;;;;;
20166;;//;//;PUNCT;;;;;;;;;;PUNCT;;;
20167;;от;ОТ;PR;;;  // _от_ какого-то мужика /;т;о;;;;;PR;ОТ;PR;Т
20168;;какого-то;КАКОЙ-ТО;APRO - gen sg plen m -;;; // от _какого-то_ мужика / левого;о;т;-;о;г;о;APRO;КАКОЙ-ТО;A - gen sg plen m -;О
20169;;мужика;МУЖИК;S m anim gen sg;;;// от какого-то _мужика_ / левого /;а;к;и;ж;у;м;S;МУЖИК;S m anim gen sg;К
20170;;/;/;PUNCT;;;;;;;;;;PUNCT;;;
20171;;левого;ЛЕВЫЙ;A - gen sg plen m -;;;какого-то мужика / _левого_ / вообще незнакомый;о;г;о;в;е;л;A;ЛЕВЫЙ;A - gen sg plen m -;Й
20172;;/;/;PUNCT;;;;;;;;;;PUNCT;;;
20173;;вообще;ВООБЩЕ;ADV -;;;/ левого / _вообще_ незнакомый / типа;е;щ;б;о;о;в;ADV;ВООБЩЕ;ADV -;Е
20174;;незнакомый;НЕЗНАКОМЫЙ;A - nom sg plen m -;;;левого / вообще _незнакомый_ / типа общих;й;ы;м;о;к;а;A;НЕЗНАКОМЫЙ;A - nom sg plen m -;Й
20175;;/;/;PUNCT;;;;;;;;;;PUNCT;;;
20176;;типа;ТИПА;PART;;;вообще незнакомый / _типа_ общих друзей не;а;п;и;т;;;PART;ТИПА;PART;А
20177;;общих;ОБЩИЙ;A - gen pl plen - -;;;незнакомый / типа _общих_ друзей не было;х;и;щ;б;о;;A;ОБЩИЙ;A - gen pl plen - -;Й
20178;;друзей;ДРУГ;S m anim gen pl;;;/ типа общих _друзей_ не было вообще;й;е;з;у;р;д;S;ДРУГ;S m anim gen pl;Г
20179;;не;НЕ;PART;;;типа общих друзей _не_ было вообще ну;е;н;;;;;PART;НЕ;PART;Е
20180;;было;БЫТЬ;V ipf praet sg indic n -;;;общих друзей не _было_ вообще ну как бы;о;л;ы;б;;;V;БЫТЬ;V ipf praet sg indic n -;Ь
20181;;вообще;ВООБЩЕ;ADV -;;;друзей не было _вообще_ ну как бы /;е;щ;б;о;о;в;ADV;ВООБЩЕ;ADV -;Е
20182;;ну;НУ;PART;;;не было вообще _ну_ как бы / блин;у;н;;;;;PART;НУ;PART;У
20183;;как бы;как бы;PART;;;было вообще ну _как бы_ / блин //;ы;б; ;к;а;к;PART;как бы;ADV -;ы
20184;;/;/;PUNCT;;;;;;;;;;PUNCT;;;
20185;;блин;БЛИН;INTJ -;;;ну как бы / _блин_ // ну и;н;и;л;б;;;S;БЛИН;S m inan nom sg;Н
20186;;//;//;PUNCT;;;;;;;;;;PUNCT;;;
20187;;ну;НУ;PART;;;/ блин // _ну_ и ещё было;у;н;;;;;PART;НУ;PART;У
20188;;и;И;CONJ;;;блин // ну _и_ ещё было такое;и;;;;;;CONJ;И;CONJ;И
20189;;ещё;ЕЩЕ;ADV -;;;// ну и _ещё_ было такое /;ё;щ;е;;;;ADV;ЕЩЕ;ADV -;Е
20190;;было;БЫТЬ;V ipf praet sg indic n -;;;ну и ещё _было_ такое / он;о;л;ы;б;;;V;БЫТЬ;V ipf praet sg indic n -;Ь
20191;;такое;ТАКОЙ;APRO - nom sg plen n -;;;и ещё было _такое_ / он как бы;е;о;к;а;т;;APRO;ТАКОЙ;A - nom sg plen n -;Й
20192;;/;/;PUNCT;;;;;;;;;;PUNCT;;;
20193;;он;ОН;SPRO sg 3p m nom;;;было такое / _он_ как бы  не-е-е;н;о;;;;;SPRO;ОН;SPRO sg 3p m nom;Н
20194;;как бы;как бы;PART;;;такое / он _как бы_  не-е-е ;ы;б; ;к;а;к;PART;как бы;ADV -;ы
20195;"<distinct form=""";;;;;;;;;;;;;;;;
20196;<dist>;не-е-е;;;;;;;;;;;;;;;
20197;""">";;;;;;;;;;;;;;;;
20198;;не;НЕ;PART;;; не-е-е  _не_  // не;е;н;;;;;PART;НЕ;PART;Е
20199;</distinct>;;;;;;;;;;;;;;;;
20200;;//;//;PUNCT;;;;;;;;;;PUNCT;;;
20201;;не;НЕ;PART;;;не  // _не_ русской национальности /;е;н;;;;;PART;НЕ;PART;Е
20202;;русской;РУССКИЙ;A - gen sg plen f -;;; // не _русской_ национальности / как;й;о;к;с;с;у;A;РУССКИЙ;A - gen sg plen f -;Й
20203;;национальности;НАЦИОНАЛЬНОСТЬ;S f inan gen sg;;;// не русской _национальности_ / как сказать;и;т;с;о;н;ь;S;НАЦИОНАЛЬНОСТЬ;S f inan gen sg;Ь
20204;;/;/;PUNCT;;;;;;;;;;PUNCT;;;
20205;;как;КАК;ADVPRO;;;русской национальности / _как_ сказать - то;к;а;к;;;;CONJ;КАК;CONJ;К
20206;;сказать;СКАЗАТЬ;V pf - - inf - -;;;национальности / как _сказать_ - то /;ь;т;а;з;а;к;V;СКАЗАТЬ;V pf - - inf - -;Ь
20207;;-;-;PUNCT;;;;;;;;;;PUNCT;;;
20208;;то;ТО;PART;;;как сказать - _то_ / не славянской;о;т;;;;;PART;ТО;CONJ;О
20209;;/;/;PUNCT;;;;;;;;;;PUNCT;;;
20210;;не;НЕ;PART;;;- то / _не_ славянской внешности ;е;н;;;;;PART;НЕ;PART;Е
20211;;славянской;СЛАВЯНСКИЙ;A - gen sg plen f -;;;то / не _славянской_ внешности  ;й;о;к;с;н;я;A;СЛАВЯНСКИЙ;A - gen sg plen f -;Й
20212;;внешности;ВНЕШНОСТЬ;S f inan gen sg;;;/ не славянской _внешности_   ;и;т;с;о;н;ш;S;ВНЕШНОСТЬ;S f inan gen sg;Ь
20213;;;;;;;;;;;;;;;;;
20214;# sent = 1461;;;;;;;;;;;;;;;;
20215;# speaker = М;;;;;;;;;;;;;;;;
20216;# sent = 1462;;;;;;;;;;;;;;;;
20217;;ему;ОН;SPRO sg 3p m dat;;;   _ему_ сколько лет ?;у;м;е;;;;SPRO;ОН;SPRO sg 3p m dat;Н
20218;;сколько;СКОЛЬКО;NUM nom - -;;;  ему _сколько_ лет ? ;о;к;ь;л;о;к;ADV;СКОЛЬКО;ADV -;О
20219;;лет;ГОД;S m inan gen pl;;; ему сколько _лет_ ?  ;т;е;л;;;;S;ГОД;S m inan gen pl;Д
20220;;?;?;PUNCT;;;;;;;;;;PUNCT;;;
20221;;;;;;;;;;;;;;;;;
20222;# sent = 1463;;;;;;;;;;;;;;;;
20223;# speaker = Т;;;;;;;;;;;;;;;;
20224;# sent = 1464;;;;;;;;;;;;;;;;
20225;;ну;НУ;PART;;;   _ну_ ему типа лет;у;н;;;;;PART;НУ;PART;У
20226;;ему;ОН;SPRO sg 3p m dat;;;  ну _ему_ типа лет тридцать;у;м;е;;;;SPRO;ОН;SPRO sg 3p m dat;Н
20227;;типа;ТИПА;PART;;; ну ему _типа_ лет тридцать /;а;п;и;т;;;PART;ТИПА;PART;А
20228;;лет;ГОД;S m inan gen pl;;;ну ему типа _лет_ тридцать / ну;т;е;л;;;;S;ГОД;S m inan gen pl;Д
20229;;тридцать;ТРИДЦАТЬ;NUM nom - -;;;ему типа лет _тридцать_ / ну тридцать;ь;т;а;ц;д;и;NUM;ТРИДЦАТЬ;NUM acc - -;Ь
20230;;/;/;PUNCT;;;;;;;;;;PUNCT;;;
20231;;ну;НУ;PART;;;лет тридцать / _ну_ тридцать пять ;у;н;;;;;PART;НУ;PART;У
20232;;тридцать;ТРИДЦАТЬ;NUM nom - -;;;тридцать / ну _тридцать_ пять  ;ь;т;а;ц;д;и;NUM;ТРИДЦАТЬ;NUM acc - -;Ь
20233;;пять;ПЯТЬ;NUM nom - -;;;/ ну тридцать _пять_   ;ь;т;я;п;;;NUM;ПЯТЬ;NUM acc - -;Ь
20234;;;;;;;;;;;;;;;;;
20235;# sent = 1465;;;;;;;;;;;;;;;;
20236;# speaker = М;;;;;;;;;;;;;;;;
20237;# sent = 1466;;;;;;;;;;;;;;;;
20238;;а;А;CONJ;;;   _а_ / ну не;а;;;;;;CONJ;А;CONJ;А
20239;;/;/;PUNCT;;;;;;;;;;PUNCT;;;
20240;;ну;НУ;PART;;; а / _ну_ не  писят;у;н;;;;;PART;НУ;PART;У
20241;;не;НЕ;PART;;;а / ну _не_  писят ;е;н;;;;;PART;НЕ;PART;Е
20242;"<distinct form=""";;;;;;;;;;;;;;;;
20243;<dist>;писят;;;;;;;;;;;;;;;
20244;""">";;;;;;;;;;;;;;;;
20245;;пятьдесят;ПЯТЬДЕСЯТ;NUM nom - -;;; писят  _пятьдесят_   ;т;я;с;е;д;ь;NUM;ПЯТЬДЕСЯТ;NUM acc - -;Т
20246;</distinct>;;;;;;;;;;;;;;;;
20247;;;;;;;;;;;;;;;;;
20248;# sent = 1467;;;;;;;;;;;;;;;;
20249;# speaker = Т;;;;;;;;;;;;;;;;
20250;# sent = 1468;;;;;;;;;;;;;;;;
20251;;ну;НУ;PART;;;   _ну_ хотя блин я;у;н;;;;;PART;НУ;PART;У
20252;;хотя;ХОТЯ;CONJ;;;  ну _хотя_ блин я не;я;т;о;х;;;CONJ;ХОТЯ;CONJ;Я
20253;;блин;БЛИН;INTJ -;;; ну хотя _блин_ я не знаю;н;и;л;б;;;S;БЛИН;S m inan nom sg;Н
20254;;я;Я;SPRO sg 1p - nom;;;ну хотя блин _я_ не знаю /;я;;;;;;SPRO;Я;SPRO sg 1p - nom;Я
20255;;не;НЕ;PART;;;хотя блин я _не_ знаю / они;е;н;;;;;PART;НЕ;PART;Е
20256;;знаю;ЗНАТЬ;V ipf praes sg indic - 1p;;;блин я не _знаю_ / они как бы;ю;а;н;з;;;V;ЗНАТЬ;V ipf praes sg indic - 1p;Ь
20257;;/;/;PUNCT;;;;;;;;;;PUNCT;;;
20258;;они;ОНИ;SPRO pl - - nom;;;не знаю / _они_ как бы достаточно выглядят;и;н;о;;;;SPRO;ОНИ;SPRO pl - - nom;И
20259;;как бы;как бы;PART;;;знаю / они _как бы_ достаточно выглядят -;ы;б; ;к;а;к;PART;как бы;ADV -;ы
20260;;достаточно;ДОСТАТОЧНО;ADV -;;;/ они как бы _достаточно_ выглядят - то;о;н;ч;о;т;а;ADV;ДОСТАТОЧНО;ADV -;О
20261;;выглядят;ВЫГЛЯДЕТЬ;V ipf fut pl indic - 3p;;;они как бы достаточно _выглядят_ - то /;т;я;д;я;л;г;V;ВЫГЛЯДЕТЬ;V pf fut pl indic - 3p;Ь
20262;;-;-;PUNCT;;;;;;;;;;PUNCT;;;
20263;;то;ТО;PART;;;достаточно выглядят - _то_ / в таком;о;т;;;;;PART;ТО;CONJ;О
20264;;/;/;PUNCT;;;;;;;;;;PUNCT;;;
20265;;в;В;PR;;;- то / _в_ таком возрасте //;в;;;;;;PR;В;PR;В
20266;;таком;ТАКОЙ;APRO - loc sg plen m -;;;то / в _таком_ возрасте // в;м;о;к;а;т;;APRO;ТАКОЙ;A - loc sg plen m -;Й
20267;;возрасте;ВОЗРАСТ;S m inan loc sg;;;/ в таком _возрасте_ // в общем;е;т;с;а;р;з;S;ВОЗРАСТ;S m inan loc sg;Т
20268;;//;//;PUNCT;;;;;;;;;;PUNCT;;;
20269;;в;В;PR;;;таком возрасте // _в_ общем он такой;в;;;;;;PR;В;PR;В
20270;;общем;ОБЩИЙ;S n inan loc sg;;;возрасте // в _общем_ он такой типа;м;е;щ;б;о;;A;ОБЩИЙ;A - loc sg plen m -;Й
20271;;он;ОН;SPRO sg 3p m nom;;;// в общем _он_ такой типа ну;н;о;;;;;SPRO;ОН;SPRO sg 3p m nom;Н
20272;;такой;ТАКОЙ;APRO - nom sg plen m -;;;в общем он _такой_ типа ну всё;й;о;к;а;т;;APRO;ТАКОЙ;A - nom sg plen m -;Й
20273;;типа;ТИПА;PART;;;общем он такой _типа_ ну всё равно;а;п;и;т;;;PART;ТИПА;PART;А
20274;;ну;НУ;PART;;;он такой типа _ну_ всё равно большой;у;н;;;;;PART;НУ;PART;У
20275;;всё;ВСЕ;S n - nom sg;;;такой типа ну _всё_ равно большой очень;ё;с;в;;;;S;ВСЕ;S n - nom sg;Е
20276;;равно;РАВНЫЙ;A - - sg brev n -;;;типа ну всё _равно_ большой очень /;о;н;в;а;р;;A;РАВНЫЙ;A - - sg brev n -;Й
20277;;большой;БОЛЬШОЙ;A - nom sg plen m -;;;ну всё равно _большой_ очень / по крайней мере;й;о;ш;ь;л;о;A;БОЛЬШОЙ;A - nom sg plen m -;Й
20278;;очень;ОЧЕНЬ;ADV -;;;всё равно большой _очень_ / по крайней мере по;ь;н;е;ч;о;;ADV;ОЧЕНЬ;ADV -;Ь
20279;;/;/;PUNCT;;;;;;;;;;PUNCT;;;
20280;;по крайней мере;по крайней мере;ADV -;;;большой очень / _по крайней мере_ по фоткам //;е;р;е;м; ;й;ADV;по крайней мере;ADV -;е
20281;;по;ПО;PR;;;очень / по крайней мере _по_ фоткам // ну;о;п;;;;;PR;ПО;PR;О
20282;;фоткам;ФОТКА;S f inan dat pl;;;/ по крайней мере по _фоткам_ // ну и;м;а;к;т;о;ф;S;ФОТКА;S f inan acc sg;А
20283;;//;//;PUNCT;;;;;;;;;;PUNCT;;;
20284;;ну;НУ;PART;;;по фоткам // _ну_ и страшно он;у;н;;;;;PART;НУ;PART;У
20285;;и;И;CONJ;;;фоткам // ну _и_ страшно он выглядел;и;;;;;;CONJ;И;CONJ;И
20286;;страшно;СТРАШНО;ADV -;;;// ну и _страшно_ он выглядел /;о;н;ш;а;р;т;ADV;СТРАШНО;ADV -;О
20287;;он;ОН;SPRO sg 3p m nom;;;ну и страшно _он_ выглядел / ну;н;о;;;;;SPRO;ОН;SPRO sg 3p m nom;Н
20288;;выглядел;ВЫГЛЯДЕТЬ;V ipf praet sg indic m -;;;и страшно он _выглядел_ / ну как бы;л;е;д;я;л;г;V;ВЫГЛЯДЕТЬ;V ipf praet sg indic m -;Ь
20289;;/;/;PUNCT;;;;;;;;;;PUNCT;;;
20290;;ну;НУ;PART;;;он выглядел / _ну_ как бы угрожающе ;у;н;;;;;PART;НУ;PART;У
20291;;как бы;как бы;PART;;;выглядел / ну _как бы_ угрожающе  ;ы;б; ;к;а;к;PART;как бы;ADV -;ы
20292;;угрожающе;УГРОЖАЮЩЕ;ADV -;;;/ ну как бы _угрожающе_   ;е;щ;ю;а;ж;о;ADV;УГРОЖАЮЩЕ;ADV -;Е
20293;;;;;;;;;;;;;;;;;
20294;# sent = 1469;;;;;;;;;;;;;;;;
20295;# speaker = Т;;;;;;;;;;;;;;;;
20296;# sent = 1470;;;;;;;;;;;;;;;;
20297;;в;В;PR;;;   _в_ общем он мне;в;;;;;;PR;В;PR;В
20298;;общем;ОБЩИЙ;S n inan loc sg;;;  в _общем_ он мне это;м;е;щ;б;о;;A;ОБЩИЙ;A - loc sg plen m -;Й
20299;;он;ОН;SPRO sg 3p m nom;;; в общем _он_ мне это написал;н;о;;;;;SPRO;ОН;SPRO sg 3p m nom;Н
20300;;мне;Я;SPRO sg 1p - dat;;;в общем он _мне_ это написал /;е;н;м;;;;SPRO;Я;SPRO sg 1p - dat;Я
20301;;это;ЭТО;SPRO n - acc sg;;;общем он мне _это_ написал / типа;о;т;э;;;;SPRO;ЭТО;S n inan acc sg;О
20302;;написал;НАПИСАТЬ;V pf praet sg indic m -;;;он мне это _написал_ / типа почему;л;а;с;и;п;а;V;НАПИСАТЬ;V pf praet sg indic m -;Ь
20303;;/;/;PUNCT;;;;;;;;;;PUNCT;;;
20304;;типа;ТИПА;PART;;;это написал / _типа_ почему так поздно;а;п;и;т;;;PART;ТИПА;PART;А
20305;;почему;ПОЧЕМУ;ADVPRO;;;написал / типа _почему_ так поздно возвращаюсь;у;м;е;ч;о;п;ADV;ПОЧЕМУ;ADV -;У
20306;;так;ТАК;ADV -;;;/ типа почему _так_ поздно возвращаюсь //;к;а;т;;;;ADV;ТАК;ADV -;К
20307;;поздно;ПОЗДНО;ADV -;;;типа почему так _поздно_ возвращаюсь // я;о;н;д;з;о;п;ADV;ПОЗДНО;ADV -;О
20308;;возвращаюсь;ВОЗВРАЩАТЬСЯ;V ipf praes sg indic - 1p;;;почему так поздно _возвращаюсь_ // я ему;ь;с;ю;а;щ;а;V;ВОЗВРАЩАТЬСЯ;V ipf praes sg indic - 1p;Я
20309;;//;//;PUNCT;;;;;;;;;;PUNCT;;;
20310;;я;Я;SPRO sg 1p - nom;;;поздно возвращаюсь // _я_ ему такая пишу;я;;;;;;SPRO;Я;SPRO sg 1p - nom;Я
20311;;ему;ОН;SPRO sg 3p m dat;;;возвращаюсь // я _ему_ такая пишу //;у;м;е;;;;SPRO;ОН;SPRO sg 3p m dat;Н
20312;;такая;ТАКОЙ;APRO - nom sg plen f -;;;// я ему _такая_ пишу // вы;я;а;к;а;т;;APRO;ТАКОЙ;A - nom sg plen f -;Й
20313;;пишу;ПИСАТЬ;V ipf praes sg indic - 1p;;;я ему такая _пишу_ // вы кто;у;ш;и;п;;;V;ПИСАТЬ;V ipf praes sg indic - 1p;Ь
20314;;//;//;PUNCT;;;;;;;;;;PUNCT;;;
20315;;вы;ВЫ;SPRO pl 2p - nom;;;такая пишу // _вы_ кто ? ;ы;в;;;;;SPRO;ВЫ;SPRO pl 2p - nom;Ы
20316;;кто;КТО;SPRO m anim nom sg;;;пишу // вы _кто_ ?  ;о;т;к;;;;S;КТО;S m anim nom sg;О
20317;;?;?;PUNCT;;;;;;;;;;PUNCT;;;
20318;;;;;;;;;;;;;;;;;
20319;# sent = 1471;;;;;;;;;;;;;;;;
20320;;//;//;PUNCT;;;;;;;;;;PUNCT;;;
20321;;Как бы;Как бы;PART;;;  // _Как бы_ ну / какой-то;ы;б; ;к;а;к;PART;Как бы;ADV -;ы
20322;;ну;НУ;PART;;; // Как бы _ну_ / какой-то незнакомый;у;н;;;;;PART;НУ;PART;У
20323;;/;/;PUNCT;;;;;;;;;;PUNCT;;;
20324;;какой-то;КАКОЙ-ТО;APRO - nom sg plen m -;;;Как бы ну / _какой-то_ незнакомый человек //;о;т;-;й;о;к;APRO;КАКОЙ-ТО;A - nom sg plen m -;О
20325;;незнакомый;НЕЗНАКОМЫЙ;A - nom sg plen m -;;;ну / какой-то _незнакомый_ человек // Он;й;ы;м;о;к;а;A;НЕЗНАКОМЫЙ;A - nom sg plen m -;Й
20326;;человек;ЧЕЛОВЕК;S m anim nom sg;;;/ какой-то незнакомый _человек_ // Он /;к;е;в;о;л;е;S;ЧЕЛОВЕК;S m anim nom sg;К
20327;;//;//;PUNCT;;;;;;;;;;PUNCT;;;
20328;;Он;ОН;SPRO sg 3p m nom;;;незнакомый человек // _Он_ / я с;н;о;;;;;SPRO;ОН;SPRO sg 3p m nom;Н
20329;;/;/;PUNCT;;;;;;;;;;PUNCT;;;
20330;;я;Я;SPRO sg 1p - nom;;;// Он / _я_ с твоей ...;я;;;;;;SPRO;Я;SPRO sg 1p - nom;Я
20331;;с;С;PR;;;Он / я _с_ твоей ... я;с;;;;;;PR;С;PR;С
20332;;твоей;ТВОЙ;APRO - loc sg plen f -;;;/ я с _твоей_ ... я типа;й;е;о;в;т;;APRO;ТВОЙ;A - loc sg plen f -;Й
20333;;...;...;PUNCT;;;;;;;;;;PUNCT;;;
20334;;я;Я;SPRO sg 1p - nom;;;с твоей ... _я_ типа с твоей;я;;;;;;SPRO;Я;SPRO sg 1p - nom;Я
20335;;типа;ТИПА;PART;;;твоей ... я _типа_ с твоей работы;а;п;и;т;;;PART;ТИПА;PART;А
20336;;с;С;PR;;;... я типа _с_ твоей работы //;с;;;;;;PR;С;PR;С
20337;;твоей;ТВОЙ;APRO - gen sg plen f -;;;я типа с _твоей_ работы // Я;й;е;о;в;т;;APRO;ТВОЙ;A - gen sg plen f -;Й
20338;;работы;РАБОТА;S f inan gen sg;;;типа с твоей _работы_ // Я у;ы;т;о;б;а;р;S;РАБОТА;S f inan gen sg;А
20339;;//;//;PUNCT;;;;;;;;;;PUNCT;;;
20340;;Я;Я;SPRO sg 1p - nom;;;твоей работы // _Я_ у него спросила;я;;;;;;SPRO;Я;SPRO sg 1p - nom;Я
20341;;у;У;PR;;;работы // Я _у_ него спросила /;у;;;;;;PR;У;PR;У
20342;;него;ОН;SPRO sg 3p m gen;;;// Я у _него_ спросила / откуда;о;г;е;н;;;SPRO;ОН;SPRO sg 3p m acc;Н
20343;;спросила;СПРОСИТЬ;V pf praet sg indic f -;;;Я у него _спросила_ / откуда вы;а;л;и;с;о;р;V;СПРОСИТЬ;V pf praet sg indic f -;Ь
20344;;/;/;PUNCT;;;;;;;;;;PUNCT;;;
20345;;откуда;ОТКУДА;ADVPRO;;;него спросила / _откуда_ вы знаете мое;а;д;у;к;т;о;ADV;ОТКУДА;ADV -;А
20346;;вы;ВЫ;SPRO pl 2p - nom;;;спросила / откуда _вы_ знаете мое имя;ы;в;;;;;SPRO;ВЫ;SPRO pl 2p - nom;Ы
20347;;знаете;ЗНАТЬ;V ipf praes pl indic - 2p;;;/ откуда вы _знаете_ мое имя ?;е;т;е;а;н;з;V;ЗНАТЬ;V ipf praes pl indic - 2p;Ь
20348;;мое;МОЙ;APRO - nom sg plen n -;;;откуда вы знаете _мое_ имя ? ;е;о;м;;;;APRO;МОЙ;A - nom sg plen n -;Й
20349;;имя;ИМЯ;S n inan acc sg;;;вы знаете мое _имя_ ?  ;я;м;и;;;;S;ИМЯ;S n inan acc sg;Я
20350;;?;?;PUNCT;;;;;;;;;;PUNCT;;;
20351;;;;;;;;;;;;;;;;;
20352;# sent = 1472;;;;;;;;;;;;;;;;
20353;;//;//;PUNCT;;;;;;;;;;PUNCT;;;
20354;;Ну;НУ;PART;;;  // _Ну_ как бы / откуда;у;н;;;;;PART;НУ;PART;У
20355;;как бы;как бы;PART;;; // Ну _как бы_ / откуда ?;ы;б; ;к;а;к;PART;как бы;ADV -;ы
20356;;/;/;PUNCT;;;;;;;;;;PUNCT;;;
20357;;откуда;ОТКУДА;ADVPRO;;;Ну как бы / _откуда_ ?  ;а;д;у;к;т;о;ADV;ОТКУДА;ADV -;А
20358;;?;?;PUNCT;;;;;;;;;;PUNCT;;;
20359;;;;;;;;;;;;;;;;;
20360;# sent = 1473;;;;;;;;;;;;;;;;
20361;;//;//;PUNCT;;;;;;;;;;PUNCT;;;
20362;;Он;ОН;SPRO sg 3p m nom;;;  // _Он_ начал мне /;н;о;;;;;SPRO;ОН;SPRO sg 3p m nom;Н
20363;;начал;НАЧАЛО;V ipf praet sg indic m -;;; // Он _начал_ мне / ну;л;а;ч;а;н;;S;НАЧАЛО;S n inan gen pl;О
20364;;мне;Я;SPRO sg 1p - dat;;;// Он начал _мне_ / ну начал;е;н;м;;;;SPRO;Я;SPRO sg 1p - dat;Я
20365;;/;/;PUNCT;;;;;;;;;;PUNCT;;;
20366;;ну;НУ;PART;;;начал мне / _ну_ начал типа дальше;у;н;;;;;PART;НУ;PART;У
20367;;начал;НАЧАЛО;V ipf praet sg indic m -;;;мне / ну _начал_ типа дальше /;л;а;ч;а;н;;S;НАЧАЛО;S n inan gen pl;О
20368;;типа;ТИПА;PART;;;/ ну начал _типа_ дальше / подкатывать;а;п;и;т;;;PART;ТИПА;PART;А
20369;;дальше;ДАЛЕКО;ADV comp;;;ну начал типа _дальше_ / подкатывать /;е;ш;ь;л;а;д;ADV;ДАЛЕКО;ADV comp;О
20370;;/;/;PUNCT;;;;;;;;;;PUNCT;;;
20371;;подкатывать;ПОДКАТЫВАТЬ;V ipf - - inf - -;;;типа дальше / _подкатывать_ / и потом;ь;т;а;в;ы;т;V;ПОДКАТЫВАТЬ;V ipf - - inf - -;Ь
20372;;/;/;PUNCT;;;;;;;;;;PUNCT;;;
20373;;и;И;CONJ;;;/ подкатывать / _и_ потом / ну;и;;;;;;CONJ;И;CONJ;И
20374;;потом;ПОТОМ;ADV -;;;подкатывать / и _потом_ / ну типа;м;о;т;о;п;;ADV;ПОТОМ;ADV -;М
20375;;/;/;PUNCT;;;;;;;;;;PUNCT;;;
20376;;ну;НУ;PART;;;и потом / _ну_ типа подкат //;у;н;;;;;PART;НУ;PART;У
20377;;типа;ТИПА;PART;;;потом / ну _типа_ подкат // ну;а;п;и;т;;;PART;ТИПА;PART;А
20378;;подкат;ПОДКАТ;S m inan nom sg;;;/ ну типа _подкат_ // ну было;т;а;к;д;о;п;S;ПОДКАТ;S m inan acc sg;Т
20379;;//;//;PUNCT;;;;;;;;;;PUNCT;;;
20380;;ну;НУ;PART;;;типа подкат // _ну_ было на это;у;н;;;;;PART;НУ;PART;У
20381;;было;БЫТЬ;V ipf praet sg indic n -;;;подкат // ну _было_ на это очень;о;л;ы;б;;;V;БЫТЬ;V ipf praet sg indic n -;Ь
20382;;на;НА;PR;;;// ну было _на_ это очень похоже;а;н;;;;;PR;НА;PR;А
20383;;это;ЭТО;SPRO n - acc sg;;;ну было на _это_ очень похоже //;о;т;э;;;;SPRO;ЭТО;S n - acc sg;О
20384;;очень;ОЧЕНЬ;ADV -;;;было на это _очень_ похоже // эээ;ь;н;е;ч;о;;ADV;ОЧЕНЬ;ADV -;Ь
20385;;похоже;ПОХОЖИЙ;A - - sg brev n -;;;на это очень _похоже_ // эээ //;е;ж;о;х;о;п;A;ПОХОЖИЙ;A - - sg brev n -;Й
20386;;//;//;PUNCT;;;;;;;;;;PUNCT;;;
20387;;эээ;ЭЭЭ;INTJ;;;очень похоже // _эээ_ // он не;э;э;э;;;;NONLEX;ЭЭЭ;NONLEX;Э
20388;;//;//;PUNCT;;;;;;;;;;PUNCT;;;
20389;;он;ОН;SPRO sg 3p m nom;;;// эээ // _он_ не спрашивал ;н;о;;;;;SPRO;ОН;SPRO sg 3p m nom;Н
20390;;не;НЕ;PART;;;эээ // он _не_ спрашивал  чё-т;е;н;;;;;PART;НЕ;PART;Е
20391;;спрашивал;СПРАШИВАТЬ;V ipf praet sg indic m -;;;// он не _спрашивал_  чё-т ;л;а;в;и;ш;а;V;СПРАШИВАТЬ;V ipf praet sg indic m -;Ь
20392;"<distinct form=""";;;;;;;;;;;;;;;;
20393;<dist>;чё-т;;;;;;;;;;;;;;;
20394;""">";;;;;;;;;;;;;;;;
20395;;чего-то;ЧЕГО-ТО;SPRO n inan gen sg;;; чё-т  _чего-то_  такого /;о;т;-;о;г;е;ADV;ЧЕГО-ТО;ADV -;О
20396;</distinct>;;;;;;;;;;;;;;;;
20397;;такого;ТАКОЙ;APRO - gen sg plen n -;;; чего-то  _такого_ / просто я;о;г;о;к;а;т;APRO;ТАКОЙ;A - gen sg plen m -;Й
20398;;/;/;PUNCT;;;;;;;;;;PUNCT;;;
20399;;просто;ПРОСТО;PART;;; такого / _просто_ я как бы ему;о;т;с;о;р;п;PART;ПРОСТО;PART;О
20400;;я;Я;SPRO sg 1p - nom;;;такого / просто _я_ как бы ему говорила;я;;;;;;SPRO;Я;SPRO sg 1p - nom;Я
20401;;как бы;как бы;PART;;;/ просто я _как бы_ ему говорила /;ы;б; ;к;а;к;PART;как бы;ADV -;ы
20402;;ему;ОН;SPRO sg 3p m dat;;;просто я как бы _ему_ говорила / сразу;у;м;е;;;;SPRO;ОН;SPRO sg 3p m dat;Н
20403;;говорила;ГОВОРИТЬ;V ipf praet sg indic f -;;;я как бы ему _говорила_ / сразу такая;а;л;и;р;о;в;V;ГОВОРИТЬ;V ipf praet sg indic f -;Ь
20404;;/;/;PUNCT;;;;;;;;;;PUNCT;;;
20405;;сразу;СРАЗУ;ADV -;;;ему говорила / _сразу_ такая типа /;у;з;а;р;с;;ADV;СРАЗУ;ADV -;У
20406;;такая;ТАКОЙ;APRO - nom sg plen f -;;;говорила / сразу _такая_ типа / не;я;а;к;а;т;;APRO;ТАКОЙ;A - nom sg plen f -;Й
20407;;типа;ТИПА;PART;;;/ сразу такая _типа_ / не ;а;п;и;т;;;PART;ТИПА;PART;А
20408;;/;/;PUNCT;;;;;;;;;;PUNCT;;;
20409;;не;НЕ;PART;;;такая типа / _не_  тип ;е;н;;;;;PART;НЕ;PART;Е
20410;"<distinct form=""";;;;;;;;;;;;;;;;
20411;<dist>;тип;;;;;;;;;;;;;;;
20412;""">";;;;;;;;;;;;;;;;
20413;;типа;ТИПА;PART;;; тип  _типа_  не надо;а;п;и;т;;;PART;ТИПА;PART;А
20414;</distinct>;;;;;;;;;;;;;;;;
20415;;не;НЕ;PART;;; типа  _не_ надо со мной;е;н;;;;;PART;НЕ;PART;Е
20416;;надо;НАДО;PRAEDIC;;;типа  не _надо_ со мной разговаривать;о;д;а;н;;;PRAEDIC;НАДО;ADV -;О
20417;;со;СО;PR;;; не надо _со_ мной разговаривать /;о;с;;;;;PR;СО;PR;О
20418;;мной;Я;SPRO sg 1p - ins;;;не надо со _мной_ разговаривать / у;й;о;н;м;;;SPRO;Я;SPRO sg 1p - ins;Я
20419;;разговаривать;РАЗГОВАРИВАТЬ;V ipf - - inf - -;;;надо со мной _разговаривать_ / у меня;ь;т;а;в;и;р;V;РАЗГОВАРИВАТЬ;V ipf - - inf - -;Ь
20420;;/;/;PUNCT;;;;;;;;;;PUNCT;;;
20421;;у;У;PR;;;мной разговаривать / _у_ меня там типа;у;;;;;;PR;У;PR;У
20422;;меня;Я;SPRO sg 1p - gen;;;разговаривать / у _меня_ там типа парень;я;н;е;м;;;SPRO;Я;SPRO sg 1p - acc;Я
20423;;там;ТАМ;PART;;;/ у меня _там_ типа парень есть;м;а;т;;;;PART;ТАМ;PART;М
20424;;типа;ТИПА;PART;;;у меня там _типа_ парень есть /;а;п;и;т;;;PART;ТИПА;PART;А
20425;;парень;ПАРЕНЬ;S m anim nom sg;;;меня там типа _парень_ есть / не;ь;н;е;р;а;п;S;ПАРЕНЬ;S m anim nom sg;Ь
20426;;есть;БЫТЬ;V ipf praes sg indic - 3p;;;там типа парень _есть_ / не надо;ь;т;с;е;;;V;БЫТЬ;V ipf praes sg indic - 3p;Ь
20427;;/;/;PUNCT;;;;;;;;;;PUNCT;;;
20428;;не;НЕ;PART;;;парень есть / _не_ надо  ничё;е;н;;;;;PART;НЕ;PART;Е
20429;;надо;НАДО;PRAEDIC;;;есть / не _надо_  ничё ;о;д;а;н;;;PRAEDIC;НАДО;ADV -;О
20430;"<distinct form=""";;;;;;;;;;;;;;;;
20431;<dist>;ничё;;;;;;;;;;;;;;;
20432;""">";;;;;;;;;;;;;;;;
20433;;ничего;НИЧЕГО;SPRO sg - n gen;;; ничё  _ничего_  такого //;о;г;е;ч;и;н;ADV;НИЧЕГО;ADV -;О
20434;</distinct>;;;;;;;;;;;;;;;;
20435;;такого;ТАКОЙ;APRO - gen sg plen n -;;; ничего  _такого_ // не было;о;г;о;к;а;т;APRO;ТАКОЙ;A - gen sg plen m -;Й
20436;;//;//;PUNCT;;;;;;;;;;PUNCT;;;
20437;;не;НЕ;PART;;; такого // _не_ было такого ...;е;н;;;;;PART;НЕ;PART;Е
20438;;было;БЫТЬ;V ipf praet sg indic n -;;;такого // не _было_ такого ... не;о;л;ы;б;;;V;БЫТЬ;V ipf praet sg indic n -;Ь
20439;;такого;ТАКОЙ;APRO - gen sg plen n -;;;// не было _такого_ ... не было;о;г;о;к;а;т;APRO;ТАКОЙ;A - acc sg plen m anim;Й
20440;;...;...;PUNCT;;;;;;;;;;PUNCT;;;
20441;;не;НЕ;PART;;;было такого ... _не_ было каких-то конкретных;е;н;;;;;PART;НЕ;PART;Е
20442;;было;БЫТЬ;V ipf praet sg indic n -;;;такого ... не _было_ каких-то конкретных намёков;о;л;ы;б;;;V;БЫТЬ;V ipf praet sg indic n -;Ь
20443;;каких-то;КАКОЙ-ТО;APRO - gen pl plen - -;;;... не было _каких-то_ конкретных намёков //;о;т;-;х;и;к;APRO;КАКОЙ-ТО;A - gen pl plen - -;О
20444;;конкретных;КОНКРЕТНЫЙ;A - gen pl plen - -;;;не было каких-то _конкретных_ намёков // но;х;ы;н;т;е;р;A;КОНКРЕТНЫЙ;A - gen pl plen - -;Й
20445;;намёков;НАМЕК;S m inan gen pl;;;было каких-то конкретных _намёков_ // но было;в;о;к;ё;м;а;S;НАМЕК;S m inan gen pl;К
20446;;//;//;PUNCT;;;;;;;;;;PUNCT;;;
20447;;но;НО;CONJ;;;конкретных намёков // _но_ было очень на;о;н;;;;;CONJ;НО;CONJ;О
20448;;было;БЫТЬ;V ipf praet sg indic n -;;;намёков // но _было_ очень на это;о;л;ы;б;;;V;БЫТЬ;V ipf praet sg indic n -;Ь
20449;;очень;ОЧЕНЬ;ADV -;;;// но было _очень_ на это похоже;ь;н;е;ч;о;;ADV;ОЧЕНЬ;ADV -;Ь
20450;;на;НА;PR;;;но было очень _на_ это похоже //;а;н;;;;;PR;НА;PR;А
20451;;это;ЭТО;SPRO n - acc sg;;;было очень на _это_ похоже // эээ;о;т;э;;;;SPRO;ЭТО;S n - acc sg;О
20452;;похоже;ПОХОЖИЙ;A - - sg brev n -;;;очень на это _похоже_ // эээ и;е;ж;о;х;о;п;A;ПОХОЖИЙ;A comp2 - - plen - -;Й
20453;;//;//;PUNCT;;;;;;;;;;PUNCT;;;
20454;;эээ;ЭЭЭ;INTJ;;;это похоже // _эээ_ и // он;э;э;э;;;;NONLEX;ЭЭЭ;NONLEX;Э
20455;;и;И;CONJ;;;похоже // эээ _и_ // он начал;и;;;;;;CONJ;И;CONJ;И
20456;;//;//;PUNCT;;;;;;;;;;PUNCT;;;
20457;;он;ОН;SPRO sg 3p m nom;;;эээ и // _он_ начал мне потом;н;о;;;;;SPRO;ОН;SPRO sg 3p m nom;Н
20458;;начал;НАЧАЛО;V ipf praet sg indic m -;;;и // он _начал_ мне потом ещё;л;а;ч;а;н;;S;НАЧАЛО;S n inan gen pl;О
20459;;мне;Я;SPRO sg 1p - dat;;;// он начал _мне_ потом ещё говорить;е;н;м;;;;SPRO;Я;SPRO sg 1p - dat;Я
20460;;потом;ПОТОМ;ADV -;;;он начал мне _потом_ ещё говорить /;м;о;т;о;п;;ADV;ПОТОМ;ADV -;М
20461;;ещё;ЕЩЕ;ADV -;;;начал мне потом _ещё_ говорить / когда;ё;щ;е;;;;ADV;ЕЩЕ;ADV -;Е
20462;;говорить;ГОВОРИТЬ;V ipf - - inf - -;;;мне потом ещё _говорить_ / когда я;ь;т;и;р;о;в;V;ГОВОРИТЬ;V ipf - - inf - -;Ь
20463;;/;/;PUNCT;;;;;;;;;;PUNCT;;;
20464;;когда;КОГДА;CONJ;;;ещё говорить / _когда_ я его пыталась;а;д;г;о;к;;CONJ;КОГДА;CONJ;А
20465;;я;Я;SPRO sg 1p - nom;;;говорить / когда _я_ его пыталась отшивать;я;;;;;;SPRO;Я;SPRO sg 1p - nom;Я
20466;;его;ОН;SPRO sg 3p m acc;;;/ когда я _его_ пыталась отшивать /;о;г;е;;;;SPRO;ОН;SPRO sg 3p m acc;Н
20467;;пыталась;ПЫТАТЬСЯ;V ipf praet sg indic f -;;;когда я его _пыталась_ отшивать / типа;ь;с;а;л;а;т;V;ПЫТАТЬСЯ;V ipf praet sg indic f -;Я
20468;;отшивать;ОТШИВАТЬ;V ipf - - inf - -;;;я его пыталась _отшивать_ / типа что;ь;т;а;в;и;ш;V;ОТШИВАТЬ;V ipf - - inf - -;Ь
20469;;/;/;PUNCT;;;;;;;;;;PUNCT;;;
20470;;типа;ТИПА;PART;;;пыталась отшивать / _типа_ что / женщина;а;п;и;т;;;PART;ТИПА;PART;А
20471;;что;ЧТО;CONJ;;;отшивать / типа _что_ / женщина так;о;т;ч;;;;CONJ;ЧТО;CONJ;О
20472;;/;/;PUNCT;;;;;;;;;;PUNCT;;;
20473;;женщина;ЖЕНЩИНА;S f anim nom sg;;;типа что / _женщина_ так  ся;а;н;и;щ;н;е;S;ЖЕНЩИНА;S f anim nom sg;А
20474;;так;ТАК;ADV -;;;что / женщина _так_  ся ;к;а;т;;;;ADV;ТАК;ADV -;К
20475;"<distinct form=""";;;;;;;;;;;;;;;;
20476;<dist>;ся;;;;;;;;;;;;;;;
20477;""">";;;;;;;;;;;;;;;;
20478;;себя;СЕБЯ;SPRO - - - acc;;; ся  _себя_  не должна;я;б;е;с;;;SPRO;СЕБЯ;SPRO - - - acc;Я
20479;</distinct>;;;;;;;;;;;;;;;;
20480;;не;НЕ;PART;;; себя  _не_ должна вести //;е;н;;;;;PART;НЕ;PART;Е
20481;;должна;ДОЛЖНЫЙ;A - - sg brev f -;;;себя  не _должна_ вести // типа;а;н;ж;л;о;д;A;ДОЛЖНЫЙ;A - - sg brev f -;Й
20482;;вести;ВЕСТИ;V ipf - - inf - -;;; не должна _вести_ // типа ещё;и;т;с;е;в;;V;ВЕСТИ;V ipf - - inf - -;И
20483;;//;//;PUNCT;;;;;;;;;;PUNCT;;;
20484;;типа;ТИПА;PART;;;должна вести // _типа_ ещё какие-то предъявы;а;п;и;т;;;PART;ТИПА;PART;А
20485;;ещё;ЕЩЕ;ADV -;;;вести // типа _ещё_ какие-то предъявы /;ё;щ;е;;;;ADV;ЕЩЕ;ADV -;Е
20486;;какие-то;КАКОЙ-ТО;APRO - nom pl plen - -;;;// типа ещё _какие-то_ предъявы / по поводу;о;т;-;е;и;к;APRO;КАКОЙ-ТО;A - nom pl plen - -;О
20487;;предъявы;ПРЕДЪЯВА;S f inan acc pl;;;типа ещё какие-то _предъявы_ / по поводу того;ы;в;я;ъ;д;е;S;ПРЕДЪЯВА;S f inan acc pl;А
20488;;/;/;PUNCT;;;;;;;;;;PUNCT;;;
20489;;по поводу;по поводу;PR;;;какие-то предъявы / _по поводу_ того как я;у;д;о;в;о;п;PR;по поводу;PR;у
20490;;того;ТО;SPRO n - gen sg;;;предъявы / по поводу _того_ как я должна;о;г;о;т;;;SPRO;ТО;S n - gen sg;О
20491;;как;КАК;CONJ;;;/ по поводу того _как_ я должна вести;к;а;к;;;;CONJ;КАК;CONJ;К
20492;;я;Я;SPRO sg 1p - nom;;;по поводу того как _я_ должна вести себя;я;;;;;;SPRO;Я;SPRO sg 1p - nom;Я
20493;;должна;ДОЛЖНЫЙ;A - - sg brev f -;;;того как я _должна_ вести себя с;а;н;ж;л;о;д;A;ДОЛЖНЫЙ;A - - sg brev f -;Й
20494;;вести;ВЕСТИ;V ipf - - inf - -;;;как я должна _вести_ себя с каким-то;и;т;с;е;в;;V;ВЕСТИ;V ipf - - inf - -;И
20495;;себя;СЕБЯ;SPRO - - - acc;;;я должна вести _себя_ с каким-то незнакомым;я;б;е;с;;;SPRO;СЕБЯ;SPRO - - - acc;Я
20496;;с;С;PR;;;должна вести себя _с_ каким-то незнакомым человеком;с;;;;;;PR;С;PR;С
20497;;каким-то;КАКОЙ-ТО;APRO - ins sg plen m -;;;вести себя с _каким-то_ незнакомым человеком ?;о;т;-;м;и;к;APRO;КАКОЙ-ТО;A - ins sg plen m -;О
20498;;незнакомым;НЕЗНАКОМЫЙ;A - ins sg plen m -;;;себя с каким-то _незнакомым_ человеком ? ;м;ы;м;о;к;а;A;НЕЗНАКОМЫЙ;A - ins sg plen m -;Й
20499;;человеком;ЧЕЛОВЕК;S m anim ins sg;;;с каким-то незнакомым _человеком_ ?  ;м;о;к;е;в;о;S;ЧЕЛОВЕК;S m anim ins sg;К
20500;;?;?;PUNCT;;;;;;;;;;PUNCT;;;
20501;;;;;;;;;;;;;;;;;
20502;# sent = 1474;;;;;;;;;;;;;;;;
20503;;//;//;PUNCT;;;;;;;;;;PUNCT;;;
20504;;эээ;ЭЭЭ;INTJ;;;  // _эээ_ и я ...;э;э;э;;;;NONLEX;ЭЭЭ;NONLEX;Э
20505;;и;И;CONJ;;; // эээ _и_ я ... ;и;;;;;;CONJ;И;CONJ;И
20506;;я;Я;SPRO sg 1p - nom;;;// эээ и _я_ ...  ;я;;;;;;SPRO;Я;SPRO sg 1p - nom;Я
20507;;...;...;PUNCT;;;;;;;;;;PUNCT;;;
20508;;;;;;;;;;;;;;;;;
20509;# sent = 1475;;;;;;;;;;;;;;;;
20510;# speaker = Т;;;;;;;;;;;;;;;;
20511;# sent = 1476;;;;;;;;;;;;;;;;
20512;;а;А;CONJ;;;   _а_ он ещё присылал;а;;;;;;CONJ;А;CONJ;А
20513;;он;ОН;SPRO sg 3p m nom;;;  а _он_ ещё присылал голосовые;н;о;;;;;SPRO;ОН;SPRO sg 3p m nom;Н
20514;;ещё;ЕЩЕ;ADV -;;; а он _ещё_ присылал голосовые сообщения;ё;щ;е;;;;ADV;ЕЩЕ;ADV -;Е
20515;;присылал;ПРИСЫЛАТЬ;V ipf praet sg indic m -;;;а он ещё _присылал_ голосовые сообщения //;л;а;л;ы;с;и;V;ПРИСЫЛАТЬ;V ipf praet sg indic m -;Ь
20516;;голосовые;ГОЛОСОВОЙ;A - acc pl plen - inan;;;он ещё присылал _голосовые_ сообщения // и;е;ы;в;о;с;о;A;ГОЛОСОВОЙ;A - acc pl plen - inan;Й
20517;;сообщения;СООБЩЕНИЕ;S n inan acc pl;;;ещё присылал голосовые _сообщения_ // и я;я;и;н;е;щ;б;S;СООБЩЕНИЕ;S n inan acc pl;Е
20518;;//;//;PUNCT;;;;;;;;;;PUNCT;;;
20519;;и;И;CONJ;;;голосовые сообщения // _и_ я  ваще-е;и;;;;;;CONJ;И;CONJ;И
20520;;я;Я;SPRO sg 1p - nom;;;сообщения // и _я_  ваще-е ;я;;;;;;SPRO;Я;SPRO sg 1p - nom;Я
20521;"<distinct form=""";;;;;;;;;;;;;;;;
20522;<dist>;ваще-е;;;;;;;;;;;;;;;
20523;""">";;;;;;;;;;;;;;;;
20524;;вообще;ВООБЩЕ;ADV -;;; ваще-е  _вообще_  испугалась /;е;щ;б;о;о;в;ADV;ВООБЩЕ;ADV -;Е
20525;</distinct>;;;;;;;;;;;;;;;;
20526;;испугалась;ИСПУГАТЬСЯ;V pf praet sg indic f -;;; вообще  _испугалась_ / потому что /;ь;с;а;л;а;г;V;ИСПУГАТЬСЯ;V pf praet sg indic f -;Я
20527;;/;/;PUNCT;;;;;;;;;;PUNCT;;;
20528;;потому что;потому что;CONJ;;; испугалась / _потому что_ / блин /;о;т;ч; ;у;м;CONJ;потому что;CONJ;о
20529;;/;/;PUNCT;;;;;;;;;;PUNCT;;;
20530;;блин;БЛИН;INTJ -;;;/ потому что / _блин_ / если он;н;и;л;б;;;S;БЛИН;S m inan nom sg;Н
20531;;/;/;PUNCT;;;;;;;;;;PUNCT;;;
20532;;если;ЕСЛИ;CONJ;;;/ блин / _если_ он знает /;и;л;с;е;;;CONJ;ЕСЛИ;CONJ;И
20533;;он;ОН;SPRO sg 3p m nom;;;блин / если _он_ знает / эээ;н;о;;;;;SPRO;ОН;SPRO sg 3p m nom;Н
20534;;знает;ЗНАТЬ;V ipf praes sg indic - 3p;;;/ если он _знает_ / эээ /;т;е;а;н;з;;V;ЗНАТЬ;V ipf praes sg indic - 3p;Ь
20535;;/;/;PUNCT;;;;;;;;;;PUNCT;;;
20536;;эээ;ЭЭЭ;INTJ;;;он знает / _эээ_ / моё имя;э;э;э;;;;NONLEX;ЭЭЭ;NONLEX;Э
20537;;/;/;PUNCT;;;;;;;;;;PUNCT;;;
20538;;моё;МОЙ;APRO - nom sg plen n -;;;/ эээ / _моё_ имя / значит;ё;о;м;;;;APRO;МОЙ;A - nom sg plen n -;Й
20539;;имя;ИМЯ;S n inan acc sg;;;эээ / моё _имя_ / значит как бы;я;м;и;;;;S;ИМЯ;S n inan acc sg;Я
20540;;/;/;PUNCT;;;;;;;;;;PUNCT;;;
20541;;значит;ЗНАЧИТ;PARENTH;;;моё имя / _значит_ как бы это уже;т;и;ч;а;н;з;ADV;ЗНАЧИТ;ADV -;Т
20542;;как бы;как бы;PART;;;имя / значит _как бы_ это уже что-то;ы;б; ;к;а;к;PART;как бы;ADV -;ы
20543;;это;ЭТО;SPRO n - nom sg;;;/ значит как бы _это_ уже что-то //;о;т;э;;;;SPRO;ЭТО;S n - nom sg;О
20544;;уже;УЖЕ;ADV -;;;значит как бы это _уже_ что-то // эээ;е;ж;у;;;;ADV;УЖЕ;ADV -;Е
20545;;что-то;ЧТО-ТО;SPRO n inan nom sg;;;как бы это уже _что-то_ // эээ и;о;т;-;о;т;ч;SPRO;ЧТО-ТО;S n - acc sg;О
20546;;//;//;PUNCT;;;;;;;;;;PUNCT;;;
20547;;эээ;ЭЭЭ;INTJ;;;уже что-то // _эээ_ и / а;э;э;э;;;;NONLEX;ЭЭЭ;NONLEX;Э
20548;;и;И;CONJ;;;что-то // эээ _и_ / а потом;и;;;;;;CONJ;И;S - - nonflex -;И
20549;;/;/;PUNCT;;;;;;;;;;PUNCT;;;
20550;;а;А;CONJ;;;эээ и / _а_ потом он /;а;;;;;;CONJ;А;CONJ;А
20551;;потом;ПОТОМ;ADV -;;;и / а _потом_ он / отправил;м;о;т;о;п;;ADV;ПОТОМ;ADV -;М
20552;;он;ОН;SPRO sg 3p m nom;;;/ а потом _он_ / отправил последнее;н;о;;;;;SPRO;ОН;SPRO sg 3p m nom;Н
20553;;/;/;PUNCT;;;;;;;;;;PUNCT;;;
20554;;отправил;ОТПРАВИТЬ;V pf praet sg indic m -;;;потом он / _отправил_ последнее голосовое сообщение;л;и;в;а;р;п;V;ОТПРАВИТЬ;V pf praet sg indic m -;Ь
20555;;последнее;ПОСЛЕДНИЙ;A - acc sg plen n inan;;;он / отправил _последнее_ голосовое сообщение /;е;е;н;д;е;л;A;ПОСЛЕДНИЙ;A - acc sg plen n inan;Й
20556;;голосовое;ГОЛОСОВОЙ;A - acc sg plen n inan;;;/ отправил последнее _голосовое_ сообщение / где;е;о;в;о;с;о;A;ГОЛОСОВОЙ;A - acc sg plen n inan;Й
20557;;сообщение;СООБЩЕНИЕ;S n inan acc sg;;;отправил последнее голосовое _сообщение_ / где //;е;и;н;е;щ;б;S;СООБЩЕНИЕ;S n inan acc sg;Е
20558;;/;/;PUNCT;;;;;;;;;;PUNCT;;;
20559;;где;ГДЕ;ADVPRO;;;голосовое сообщение / _где_ // а он;е;д;г;;;;ADV;ГДЕ;ADV -;Е
20560;;//;//;PUNCT;;;;;;;;;;PUNCT;;;
20561;;а;А;CONJ;;;/ где // _а_ он ещё мне;а;;;;;;CONJ;А;CONJ;А
20562;;он;ОН;SPRO sg 3p m nom;;;где // а _он_ ещё мне ;н;о;;;;;SPRO;ОН;SPRO sg 3p m nom;Н
20563;;ещё;ЕЩЕ;ADV -;;;// а он _ещё_ мне  ска;ё;щ;е;;;;ADV;ЕЩЕ;ADV -;Е
20564;;мне;Я;SPRO sg 1p - dat;;;а он ещё _мне_  ска -;е;н;м;;;;SPRO;Я;SPRO sg 1p - dat;Я
20565;"<distinct form=""";;;;;;;;;;;;;;;;
20566;<dist>;ска;;;;;;;;;;;;;;;
20567;<dist>;-;;;;;;;;;;;;;;;
20568;<dist>;сказал;;;;;;;;;;;;;;;
20569;""">";;;;;;;;;;;;;;;;
20570;;сказал;СКАЗАТЬ;V pf praet sg indic m -;;;- сказал  _сказал_  типа в;л;а;з;а;к;с;V;СКАЗАТЬ;V pf praet sg indic m -;Ь
20571;</distinct>;;;;;;;;;;;;;;;;
20572;;типа;ТИПА;PART;;; сказал  _типа_ в этом голосовом;а;п;и;т;;;PART;ТИПА;PART;А
20573;;в;В;PR;;;сказал  типа _в_ этом голосовом сообщении;в;;;;;;PR;В;PR;В
20574;;этом;ЭТОТ;APRO - loc sg plen n -;;; типа в _этом_ голосовом сообщении /;м;о;т;э;;;APRO;ЭТОТ;A - loc sg plen m -;Т
20575;;голосовом;ГОЛОСОВОЙ;A - loc sg plen n -;;;типа в этом _голосовом_ сообщении / типа;м;о;в;о;с;о;A;ГОЛОСОВОЙ;A - loc sg plen m -;Й
20576;;сообщении;СООБЩЕНИЕ;S n inan loc sg;;;в этом голосовом _сообщении_ / типа //;и;и;н;е;щ;б;S;СООБЩЕНИЕ;S n inan loc sg;Е
20577;;/;/;PUNCT;;;;;;;;;;PUNCT;;;
20578;;типа;ТИПА;PART;;;голосовом сообщении / _типа_ // удач тебе;а;п;и;т;;;PART;ТИПА;PART;А
20579;;//;//;PUNCT;;;;;;;;;;PUNCT;;;
20580;;удач;УДАЧА;S f inan gen pl;;;/ типа // _удач_ тебе / по;ч;а;д;у;;;S;УДАЧА;S f inan gen pl;А
20581;;тебе;ТЫ;SPRO sg 2p - dat;;;типа // удач _тебе_ / по жизни;е;б;е;т;;;SPRO;ТЫ;SPRO sg 2p - dat;Ы
20582;;/;/;PUNCT;;;;;;;;;;PUNCT;;;
20583;;по;ПО;PR;;;удач тебе / _по_ жизни ! ;о;п;;;;;PR;ПО;PR;О
20584;;жизни;ЖИЗНЬ;S f inan dat sg;;;тебе / по _жизни_ !  ;и;н;з;и;ж;;S;ЖИЗНЬ;S f inan loc sg;Ь
20585;;!;!;PUNCT;;;;;;;;;;PUNCT;;;
20586;;;;;;;;;;;;;;;;;
20587;# sent = 1477;;;;;;;;;;;;;;;;
20588;;//;//;PUNCT;;;;;;;;;;PUNCT;;;
20589;;В;В;PR;;;  // _В_ общем он сказал;в;;;;;;PR;В;PR;В
20590;;общем;ОБЩИЙ;S n inan loc sg;;; // В _общем_ он сказал в;м;е;щ;б;о;;A;ОБЩИЙ;A - loc sg plen m -;Й
20591;;он;ОН;SPRO sg 3p m nom;;;// В общем _он_ сказал в этом;н;о;;;;;SPRO;ОН;SPRO sg 3p m nom;Н
20592;;сказал;СКАЗАТЬ;V pf praet sg indic m -;;;В общем он _сказал_ в этом голосовом;л;а;з;а;к;с;V;СКАЗАТЬ;V pf praet sg indic m -;Ь
20593;;в;В;PR;;;общем он сказал _в_ этом голосовом сообщении;в;;;;;;PR;В;PR;В
20594;;этом;ЭТОТ;APRO - loc sg plen n -;;;он сказал в _этом_ голосовом сообщении /;м;о;т;э;;;APRO;ЭТОТ;A - loc sg plen m -;Т
20595;;голосовом;ГОЛОСОВОЙ;A - loc sg plen n -;;;сказал в этом _голосовом_ сообщении / перед;м;о;в;о;с;о;A;ГОЛОСОВОЙ;A - loc sg plen m -;Й
20596;;сообщении;СООБЩЕНИЕ;S n inan loc sg;;;в этом голосовом _сообщении_ / перед удач;и;и;н;е;щ;б;S;СООБЩЕНИЕ;S n inan loc sg;Е
20597;;/;/;PUNCT;;;;;;;;;;PUNCT;;;
20598;;перед;ПЕРЕД;PR;;;голосовом сообщении / _перед_ удач / что;д;е;р;е;п;;PR;ПЕРЕД;PR;Д
20599;;удач;УДАЧА;S f inan gen pl;;;сообщении / перед _удач_ / что он;ч;а;д;у;;;S;УДАЧА;S f inan gen pl;А
20600;;/;/;PUNCT;;;;;;;;;;PUNCT;;;
20601;;что;ЧТО;CONJ;;;перед удач / _что_ он наш /;о;т;ч;;;;CONJ;ЧТО;CONJ;О
20602;;он;ОН;SPRO sg 3p m nom;;;удач / что _он_ наш / охранник;н;о;;;;;SPRO;ОН;SPRO sg 3p m nom;Н
20603;;наш;НАШ;APRO - nom sg plen m -;;;/ что он _наш_ / охранник ?;ш;а;н;;;;APRO;НАШ;A - nom sg plen m -;Ш
20604;;/;/;PUNCT;;;;;;;;;;PUNCT;;;
20605;;охранник;ОХРАННИК;S m anim nom sg;;;он наш / _охранник_ ?  ;к;и;н;н;а;р;S;ОХРАННИК;S m anim nom sg;К
20606;;?;?;PUNCT;;;;;;;;;;PUNCT;;;
20607;;;;;;;;;;;;;;;;;
20608;# sent = 1478;;;;;;;;;;;;;;;;
20609;;//;//;PUNCT;;;;;;;;;;PUNCT;;;
20610;;типа;ТИПА;PART;;;  // _типа_ вот / я;а;п;и;т;;;PART;ТИПА;PART;А
20611;;вот;ВОТ;PART;;; // типа _вот_ / я /;т;о;в;;;;PART;ВОТ;PART;Т
20612;;/;/;PUNCT;;;;;;;;;;PUNCT;;;
20613;;я;Я;SPRO sg 1p - nom;;;типа вот / _я_ /  ваще;я;;;;;;SPRO;Я;SPRO sg 1p - nom;Я
20614;;/;/;PUNCT;;;;;;;;;;PUNCT;;;
20615;"<distinct form=""";;;;;;;;;;;;;;;;
20616;<dist>;ваще;;;;;;;;;;;;;;;
20617;""">";;;;;;;;;;;;;;;;
20618;;вообще;ВООБЩЕ;ADV -;;; ваще  _вообще_  не понимаю;е;щ;б;о;о;в;ADV;ВООБЩЕ;ADV -;Е
20619;</distinct>;;;;;;;;;;;;;;;;
20620;;не;НЕ;PART;;; вообще  _не_ понимаю / почему;е;н;;;;;PART;НЕ;PART;Е
20621;;понимаю;ПОНИМАТЬ;V ipf praes sg indic - 1p;;;вообще  не _понимаю_ / почему вы;ю;а;м;и;н;о;V;ПОНИМАТЬ;V ipf praes sg indic - 1p;Ь
20622;;/;/;PUNCT;;;;;;;;;;PUNCT;;;
20623;;почему;ПОЧЕМУ;ADVPRO;;;не понимаю / _почему_ вы так поздно;у;м;е;ч;о;п;ADV;ПОЧЕМУ;ADV -;У
20624;;вы;ВЫ;SPRO pl 2p - nom;;;понимаю / почему _вы_ так поздно возвращаетесь;ы;в;;;;;SPRO;ВЫ;SPRO pl 2p - nom;Ы
20625;;так;ТАК;ADV -;;;/ почему вы _так_ поздно возвращаетесь /;к;а;т;;;;ADV;ТАК;ADV -;К
20626;;поздно;ПОЗДНО;ADV -;;;почему вы так _поздно_ возвращаетесь / мы;о;н;д;з;о;п;ADV;ПОЗДНО;ADV -;О
20627;;возвращаетесь;ВОЗВРАЩАТЬСЯ;V ipf praes pl indic - 2p;;;вы так поздно _возвращаетесь_ / мы же;ь;с;е;т;е;а;V;ВОЗВРАЩАТЬСЯ;V ipf praes pl indic - 2p;Я
20628;;/;/;PUNCT;;;;;;;;;;PUNCT;;;
20629;;мы;МЫ;SPRO pl 1p - nom;;;поздно возвращаетесь / _мы_ же типа отвечаем;ы;м;;;;;SPRO;МЫ;SPRO pl 1p - nom;Ы
20630;;же;ЖЕ;PART;;;возвращаетесь / мы _же_ типа отвечаем за;е;ж;;;;;PART;ЖЕ;PART;Е
20631;;типа;ТИПА;PART;;;/ мы же _типа_ отвечаем за вашу;а;п;и;т;;;PART;ТИПА;PART;А
20632;;отвечаем;ОТВЕЧАТЬ;V ipf praes pl indic - 1p;;;мы же типа _отвечаем_ за вашу безопасность;м;е;а;ч;е;в;V;ОТВЕЧАТЬ;V ipf praes pl indic - 1p;Ь
20633;;за;ЗА;PR;;;же типа отвечаем _за_ вашу безопасность /;а;з;;;;;PR;ЗА;PR;А
20634;;вашу;ВАШ;APRO - acc sg plen f -;;;типа отвечаем за _вашу_ безопасность / у;у;ш;а;в;;;APRO;ВАШ;A - acc sg plen f -;Ш
20635;;безопасность;БЕЗОПАСНОСТЬ;S f inan acc sg;;;отвечаем за вашу _безопасность_ / у вас;ь;т;с;о;н;с;S;БЕЗОПАСНОСТЬ;S f inan acc sg;Ь
20636;;/;/;PUNCT;;;;;;;;;;PUNCT;;;
20637;;у;У;PR;;;вашу безопасность / _у_ вас  постоянно;у;;;;;;PR;У;PR;У
20638;;вас;ВЫ;SPRO pl 2p - gen;;;безопасность / у _вас_  постоянно -;с;а;в;;;;SPRO;ВЫ;SPRO pl 2p - loc;Ы
20639;"<distinct form=""";;;;;;;;;;;;;;;;
20640;<dist>;постоянно;;;;;;;;;;;;;;;
20641;<dist>;-;;;;;;;;;;;;;;;
20642;<dist>;о;;;;;;;;;;;;;;;
20643;""">";;;;;;;;;;;;;;;;
20644;;постоянно;ПОСТОЯННО;ADV -;;;- о  _постоянно_  а /;о;н;н;я;о;т;ADV;ПОСТОЯННО;ADV -;О
20645;</distinct>;;;;;;;;;;;;;;;;
20646;;а;А;CONJ;;; постоянно  _а_ / на кухне;а;;;;;;CONJ;А;CONJ;А
20647;;/;/;PUNCT;;;;;;;;;;PUNCT;;;
20648;;на;НА;PR;;; а / _на_ кухне срабатывает /;а;н;;;;;PR;НА;PR;А
20649;;кухне;КУХНЯ;S f inan loc sg;;;а / на _кухне_ срабатывает / вот;е;н;х;у;к;;S;КУХНЯ;S f inan loc sg;Я
20650;;срабатывает;СРАБАТЫВАТЬ;V ipf praes sg indic - 3p;;;/ на кухне _срабатывает_ / вот этот;т;е;а;в;ы;т;V;СРАБАТЫВАТЬ;V ipf praes sg indic - 3p;Ь
20651;;/;/;PUNCT;;;;;;;;;;PUNCT;;;
20652;;вот;ВОТ;PART;;;кухне срабатывает / _вот_ этот вот //;т;о;в;;;;PART;ВОТ;PART;Т
20653;;этот;ЭТОТ;APRO - nom sg plen m -;;;срабатывает / вот _этот_ вот // ;т;о;т;э;;;APRO;ЭТОТ;A - nom sg plen m -;Т
20654;;вот;ВОТ;PART;;;/ вот этот _вот_ //  //;т;о;в;;;;PART;ВОТ;PART;Т
20655;;//;//;PUNCT;;;;;;;;;;PUNCT;;;
20656;<noindex>[нрзб]</noindex>;;;;;;;;;;;;;;;;
20657;;//;//;PUNCT;;;;;;;;;;PUNCT;;;
20658;;пожарная;ПОЖАРНЫЙ;A - nom sg plen f -;;;//  // _пожарная_ // вот эта;я;а;н;р;а;ж;A;ПОЖАРНЫЙ;A - nom sg plen f -;Й
20659;;//;//;PUNCT;;;;;;;;;;PUNCT;;;
20660;;вот;ВОТ;PART;;;// пожарная // _вот_ эта вот //;т;о;в;;;;PART;ВОТ;PART;Т
20661;;эта;ЭТОТ;APRO - nom sg plen f -;;;пожарная // вот _эта_ вот // эээ;а;т;э;;;;APRO;ЭТОТ;A - nom sg plen f -;Т
20662;;вот;ВОТ;PART;;;// вот эта _вот_ // эээ ну;т;о;в;;;;PART;ВОТ;PART;Т
20663;;//;//;PUNCT;;;;;;;;;;PUNCT;;;
20664;;эээ;ЭЭЭ;INTJ;;;эта вот // _эээ_ ну хотя она;э;э;э;;;;NONLEX;ЭЭЭ;NONLEX;Э
20665;;ну;НУ;PART;;;вот // эээ _ну_ хотя она не;у;н;;;;;PART;НУ;PART;У
20666;;хотя;ХОТЯ;CONJ;;;// эээ ну _хотя_ она не срабатывает;я;т;о;х;;;CONJ;ХОТЯ;CONJ;Я
20667;;она;ОНА;SPRO sg 3p f nom;;;эээ ну хотя _она_ не срабатывает //;а;н;о;;;;SPRO;ОНА;SPRO sg 3p f nom;А
20668;;не;НЕ;PART;;;ну хотя она _не_ срабатывает // ну;е;н;;;;;PART;НЕ;PART;Е
20669;;срабатывает;СРАБАТЫВАТЬ;V ipf praes sg indic - 3p;;;хотя она не _срабатывает_ // ну раньше;т;е;а;в;ы;т;V;СРАБАТЫВАТЬ;V ipf praes sg indic - 3p;Ь
20670;;//;//;PUNCT;;;;;;;;;;PUNCT;;;
20671;;ну;НУ;PART;;;не срабатывает // _ну_ раньше срабатывала /;у;н;;;;;PART;НУ;PART;У
20672;;раньше;РАНО;ADV comp;;;срабатывает // ну _раньше_ срабатывала / девочки;е;ш;ь;н;а;р;ADV;РАНО;ADV comp;О
20673;;срабатывала;СРАБАТЫВАТЬ;V ipf praet sg indic f -;;;// ну раньше _срабатывала_ / девочки говорили;а;л;а;в;ы;т;V;СРАБАТЫВАТЬ;V ipf praet sg indic f -;Ь
20674;;/;/;PUNCT;;;;;;;;;;PUNCT;;;
20675;;девочки;ДЕВОЧКА;S f anim nom pl;;;раньше срабатывала / _девочки_ говорили / но;и;к;ч;о;в;е;S;ДЕВОЧКА;S f anim gen sg;А
20676;;говорили;ГОВОРИТЬ;V ipf praet pl indic - -;;;срабатывала / девочки _говорили_ / но при;и;л;и;р;о;в;V;ГОВОРИТЬ;V ipf praet pl indic - -;Ь
20677;;/;/;PUNCT;;;;;;;;;;PUNCT;;;
20678;;но;НО;CONJ;;;девочки говорили / _но_ при мне не;о;н;;;;;CONJ;НО;CONJ;О
20679;;при;ПРИ;PR;;;говорили / но _при_ мне не было;и;р;п;;;;PR;ПРИ;PR;И
20680;;мне;Я;SPRO sg 1p - dat;;;/ но при _мне_ не было чтоб;е;н;м;;;;SPRO;Я;SPRO sg 1p - dat;Я
20681;;не;НЕ;PART;;;но при мне _не_ было чтоб она;е;н;;;;;PART;НЕ;PART;Е
20682;;было;БЫТЬ;V ipf praet sg indic n -;;;при мне не _было_ чтоб она срабатывала;о;л;ы;б;;;V;БЫТЬ;V ipf praet sg indic n -;Ь
20683;;чтоб;ЧТОБ;CONJ;;;мне не было _чтоб_ она срабатывала //;б;о;т;ч;;;CONJ;ЧТОБ;CONJ;Б
20684;;она;ОНА;SPRO sg 3p f nom;;;не было чтоб _она_ срабатывала // пожарная;а;н;о;;;;SPRO;ОНА;SPRO sg 3p f nom;А
20685;;срабатывала;СРАБАТЫВАТЬ;V ipf praet sg indic f -;;;было чтоб она _срабатывала_ // пожарная ;а;л;а;в;ы;т;V;СРАБАТЫВАТЬ;V ipf praet sg indic f -;Ь
20686;;//;//;PUNCT;;;;;;;;;;PUNCT;;;
20687;;пожарная;ПОЖАРНЫЙ;A - nom sg plen f -;;;она срабатывала // _пожарная_  сигна -;я;а;н;р;а;ж;A;ПОЖАРНЫЙ;A - nom sg plen f -;Й
20688;"<distinct form=""";;;;;;;;;;;;;;;;
20689;<dist>;сигна;;;;;;;;;;;;;;;
20690;<dist>;-;;;;;;;;;;;;;;;
20691;<dist>;сигнализация;;;;;;;;;;;;;;;
20692;""">";;;;;;;;;;;;;;;;
20693;;сигнализация;СИГНАЛИЗАЦИЯ;S f inan nom sg;;;- сигнализация  _сигнализация_  // эээ;я;и;ц;а;з;и;S;СИГНАЛИЗАЦИЯ;S f inan nom sg;Я
20694;</distinct>;;;;;;;;;;;;;;;;
20695;;//;//;PUNCT;;;;;;;;;;PUNCT;;;
20696;;эээ;ЭЭЭ;INTJ;;;сигнализация  // _эээ_ типа вот постоянно;э;э;э;;;;NONLEX;ЭЭЭ;NONLEX;Э
20697;;типа;ТИПА;PART;;; // эээ _типа_ вот постоянно хожу;а;п;и;т;;;PART;ТИПА;PART;А
20698;;вот;ВОТ;PART;;;// эээ типа _вот_ постоянно хожу и;т;о;в;;;;PART;ВОТ;PART;Т
20699;;постоянно;ПОСТОЯННО;ADV -;;;эээ типа вот _постоянно_ хожу и проверяю;о;н;н;я;о;т;ADV;ПОСТОЯННО;ADV -;О
20700;;хожу;ХОДИТЬ;V ipf praes sg indic - 1p;;;типа вот постоянно _хожу_ и проверяю у;у;ж;о;х;;;V;ХОДИТЬ;V ipf praes sg indic - 1p;Ь
20701;;и;И;CONJ;;;вот постоянно хожу _и_ проверяю у вас;и;;;;;;CONJ;И;CONJ;И
20702;;проверяю;ПРОВЕРЯТЬ;V ipf praes sg indic - 1p;;;постоянно хожу и _проверяю_ у вас ;ю;я;р;е;в;о;V;ПРОВЕРЯТЬ;V ipf praes sg indic - 1p;Ь
20703;;у;У;PR;;;хожу и проверяю _у_ вас  ;у;;;;;;PR;У;PR;У
20704;;вас;ВЫ;SPRO pl 2p - gen;;;и проверяю у _вас_   ;с;а;в;;;;SPRO;ВЫ;SPRO pl 2p - loc;Ы
20705;;;;;;;;;;;;;;;;;
20706;# sent = 1479;;;;;;;;;;;;;;;;
20707;# speaker = Т;;;;;;;;;;;;;;;;
20708;# sent = 1480;;;;;;;;;;;;;;;;
20709;;ну;НУ;PART;;;   _ну_ я его вообще;у;н;;;;;PART;НУ;PART;У
20710;;я;Я;SPRO sg 1p - nom;;;  ну _я_ его вообще ни разу;я;;;;;;SPRO;Я;SPRO sg 1p - nom;Я
20711;;его;ОН;SPRO sg 3p m acc;;; ну я _его_ вообще ни разу не;о;г;е;;;;SPRO;ОН;SPRO sg 3p m acc;Н
20712;;вообще;ВООБЩЕ;ADV -;;;ну я его _вообще_ ни разу не видела;е;щ;б;о;о;в;ADV;ВООБЩЕ;ADV -;Е
20713;;ни разу;ни разу;ADV -;;;я его вообще _ни разу_ не видела /;у;з;а;р; ;и;ADV;ни разу;ADV -;у
20714;;не;НЕ;PART;;;его вообще ни разу _не_ видела / и;е;н;;;;;PART;НЕ;PART;Е
20715;;видела;ВИДЕТЬ;V ipf praet sg indic f -;;;вообще ни разу не _видела_ / и потом;а;л;е;д;и;в;V;ВИДЕТЬ;V ipf praet sg indic f -;Ь
20716;;/;/;PUNCT;;;;;;;;;;PUNCT;;;
20717;;и;И;CONJ;;;не видела / _и_ потом мы с;и;;;;;;CONJ;И;CONJ;И
20718;;потом;ПОТОМ;ADV -;;;видела / и _потом_ мы с соседкой;м;о;т;о;п;;ADV;ПОТОМ;ADV -;М
20719;;мы;МЫ;SPRO pl 1p - nom;;;/ и потом _мы_ с соседкой /;ы;м;;;;;SPRO;МЫ;SPRO pl 1p - nom;Ы
20720;;с;С;PR;;;и потом мы _с_ соседкой / на;с;;;;;;PR;С;PR;С
20721;;соседкой;СОСЕДКА;S f anim ins sg;;;потом мы с _соседкой_ / на следующее;й;о;к;д;е;с;S;СОСЕДКА;S f anim ins sg;А
20722;;/;/;PUNCT;;;;;;;;;;PUNCT;;;
20723;;на;НА;PR;;;с соседкой / _на_ следующее утро пошли;а;н;;;;;PR;НА;PR;А
20724;;следующее;СЛЕДУЮЩИЙ;A - acc sg plen n inan;;;соседкой / на _следующее_ утро пошли к;е;е;щ;ю;у;д;A;СЛЕДУЮЩИЙ;A - acc sg plen n inan;Й
20725;;утро;УТРО;S n inan acc sg;;;/ на следующее _утро_ пошли к /;о;р;т;у;;;S;УТРО;S n inan acc sg;О
20726;;пошли;ПОЙТИ;V pf praet pl indic - -;;;на следующее утро _пошли_ к / эээ;и;л;ш;о;п;;V;ПОЙТИ;V pf praet pl indic - -;И
20727;;к;К;PR;;;следующее утро пошли _к_ / эээ дежурке;к;;;;;;PR;К;PR;К
20728;;/;/;PUNCT;;;;;;;;;;PUNCT;;;
20729;;эээ;ЭЭЭ;INTJ;;;пошли к / _эээ_ дежурке // сказали;э;э;э;;;;NONLEX;ЭЭЭ;NONLEX;Э
20730;;дежурке;ДЕЖУРКА;S f anim dat sg;new;;к / эээ _дежурке_ // сказали ей;е;к;р;у;ж;е;S;ДЕЖУРКА;S f inan loc sg;А
20731;;//;//;PUNCT;;;;;;;;;;PUNCT;;;
20732;;сказали;СКАЗАТЬ;V pf praet pl indic - -;;;эээ дежурке // _сказали_ ей вот так и;и;л;а;з;а;к;V;СКАЗАТЬ;V pf praet pl indic - -;Ь
20733;;ей;ОНА;SPRO sg 3p f dat;;;дежурке // сказали _ей_ вот так и так;й;е;;;;;SPRO;ОНА;SPRO sg 3p f dat;А
20734;;вот;ВОТ;PART;;;// сказали ей _вот_ так и так //;т;о;в;;;;PART;ВОТ;PART;Т
20735;;так и;так и;CONJ;раздельно;;сказали ей вот _так и_ так // она;и; ;к;а;т;;CONJ;так и;CONJ;и
20736;;так;ТАК;ADV -;;;ей вот так и _так_ // она угорала;к;а;т;;;;ADV;ТАК;ADV -;К
20737;;//;//;PUNCT;;;;;;;;;;PUNCT;;;
20738;;она;ОНА;SPRO sg 3p f nom;;;так и так // _она_ угорала // типа;а;н;о;;;;SPRO;ОНА;SPRO sg 3p f nom;А
20739;;угорала;УГОРАТЬ;V ipf praet sg indic f -;;;так // она _угорала_ // типа ха-ха;а;л;а;р;о;г;V;УГОРАТЬ;V ipf praet sg indic f -;Ь
20740;;//;//;PUNCT;;;;;;;;;;PUNCT;;;
20741;;типа;ТИПА;PART;;;она угорала // _типа_ ха-ха / да;а;п;и;т;;;PART;ТИПА;PART;А
20742;;ха-ха;ХА-ХА;INTJ;;;угорала // типа _ха-ха_ / да он;а;х;-;а;х;;INTJ;ХА-ХА;INTJ;А
20743;;/;/;PUNCT;;;;;;;;;;PUNCT;;;
20744;;да;ДА;PART ;;;типа ха-ха / _да_ он просто подкатывает;а;д;;;;;CONJ;ДА;CONJ;А
20745;;он;ОН;SPRO sg 3p m nom;;;ха-ха / да _он_ просто подкатывает /;н;о;;;;;SPRO;ОН;SPRO sg 3p m nom;Н
20746;;просто;ПРОСТО;PART;;;/ да он _просто_ подкатывает / что;о;т;с;о;р;п;PART;ПРОСТО;PART;О
20747;;подкатывает;ПОДКАТЫВАТЬ;V ipf praes sg indic - 3p;;;да он просто _подкатывает_ / что ты;т;е;а;в;ы;т;V;ПОДКАТЫВАТЬ;V ipf praes sg indic - 3p;Ь
20748;;/;/;PUNCT;;;;;;;;;;PUNCT;;;
20749;;что;ЧТО;SPRO n inan nom sg;;;просто подкатывает / _что_ ты // эээ;о;т;ч;;;;CONJ;ЧТО;CONJ;О
20750;;ты;ТЫ;SPRO sg 2p - nom;;;подкатывает / что _ты_ // эээ но;ы;т;;;;;SPRO;ТЫ;SPRO sg 2p - nom;Ы
20751;;//;//;PUNCT;;;;;;;;;;PUNCT;;;
20752;;эээ;ЭЭЭ;INTJ;;;что ты // _эээ_ но позвала начальника;э;э;э;;;;NONLEX;ЭЭЭ;NONLEX;Э
20753;;но;НО;CONJ;;;ты // эээ _но_ позвала начальника охраны;о;н;;;;;CONJ;НО;CONJ;О
20754;;позвала;ПОЗВАТЬ;V pf praet sg indic f -;;;// эээ но _позвала_ начальника охраны //;а;л;а;в;з;о;V;ПОЗВАТЬ;V pf praet sg indic f -;Ь
20755;;начальника;НАЧАЛЬНИК;S m anim acc sg;;;эээ но позвала _начальника_ охраны // эээ;а;к;и;н;ь;л;S;НАЧАЛЬНИК;S m anim acc sg;К
20756;;охраны;ОХРАНА;S f inan gen sg;;;но позвала начальника _охраны_ // эээ он;ы;н;а;р;х;о;S;ОХРАНА;S f inan gen sg;А
20757;;//;//;PUNCT;;;;;;;;;;PUNCT;;;
20758;;эээ;ЭЭЭ;INTJ;;;начальника охраны // _эээ_ он типа тоже;э;э;э;;;;NONLEX;ЭЭЭ;NONLEX;Э
20759;;он;ОН;SPRO sg 3p m nom;;;охраны // эээ _он_ типа тоже посмеялся;н;о;;;;;SPRO;ОН;SPRO sg 3p m nom;Н
20760;;типа;ТИПА;PART;;;// эээ он _типа_ тоже посмеялся //;а;п;и;т;;;PART;ТИПА;PART;А
20761;;тоже;ТОЖЕ;PART;;;эээ он типа _тоже_ посмеялся // и;е;ж;о;т;;;PART;ТОЖЕ;PART;Е
20762;;посмеялся;ПОСМЕЯТЬСЯ;V pf praet sg indic m -;;;он типа тоже _посмеялся_ // и сказал;я;с;л;я;е;м;V;ПОСМЕЯТЬСЯ;V pf praet sg indic m -;Я
20763;;//;//;PUNCT;;;;;;;;;;PUNCT;;;
20764;;и;И;CONJ;;;тоже посмеялся // _и_ сказал / что;и;;;;;;CONJ;И;CONJ;И
20765;;сказал;СКАЗАТЬ;V pf praet sg indic m -;;;посмеялся // и _сказал_ / что ;л;а;з;а;к;с;V;СКАЗАТЬ;V pf praet sg indic m -;Ь
20766;;/;/;PUNCT;;;;;;;;;;PUNCT;;;
20767;;что;ЧТО;CONJ;;;и сказал / _что_  тип ;о;т;ч;;;;CONJ;ЧТО;CONJ;О
20768;"<distinct form=""";;;;;;;;;;;;;;;;
20769;<dist>;тип;;;;;;;;;;;;;;;
20770;""">";;;;;;;;;;;;;;;;
20771;;типа;ТИПА;PART;;; тип  _типа_  ну да;а;п;и;т;;;PART;ТИПА;PART;А
20772;</distinct>;;;;;;;;;;;;;;;;
20773;;ну;НУ;PART;;; типа  _ну_ да / типа;у;н;;;;;PART;НУ;PART;У
20774;;да;ДА;PART;;;типа  ну _да_ / типа был;а;д;;;;;PART;ДА;PART;А
20775;;/;/;PUNCT;;;;;;;;;;PUNCT;;;
20776;;типа;ТИПА;PART;;;ну да / _типа_ был такой чувак;а;п;и;т;;;PART;ТИПА;PART;А
20777;;был;БЫТЬ;V ipf praet sg indic m -;;;да / типа _был_ такой чувак /;л;ы;б;;;;V;БЫТЬ;V ipf praet sg indic m -;Ь
20778;;такой;ТАКОЙ;APRO - nom sg plen m -;;;/ типа был _такой_ чувак / эээ;й;о;к;а;т;;APRO;ТАКОЙ;A - nom sg plen m -;Й
20779;;чувак;ЧУВАК;S m anim nom sg;;;типа был такой _чувак_ / эээ что;к;а;в;у;ч;;S;ЧУВАК;S m anim nom sg;К
20780;;/;/;PUNCT;;;;;;;;;;PUNCT;;;
20781;;эээ;ЭЭЭ;INTJ;;;такой чувак / _эээ_ что типа это;э;э;э;;;;NONLEX;ЭЭЭ;NONLEX;Э
20782;;что;ЧТО;CONJ;;;чувак / эээ _что_ типа это не;о;т;ч;;;;SPRO;ЧТО;S n inan acc sg;О
20783;;типа;ТИПА;PART;;;/ эээ что _типа_ это не первый;а;п;и;т;;;PART;ТИПА;PART;А
20784;;это;ЭТО;SPRO n - nom sg;;;эээ что типа _это_ не первый случай;о;т;э;;;;SPRO;ЭТО;S n - nom sg;О
20785;;не;НЕ;PART;;;что типа это _не_ первый случай уже;е;н;;;;;PART;НЕ;PART;Е
20786;;первый;ПЕРВЫЙ;ANUM - nom sg plen m -;;;типа это не _первый_ случай уже //;й;ы;в;р;е;п;A;ПЕРВЫЙ;A - nom sg plen m -;Й
20787;;случай;СЛУЧАЙ;S m inan nom sg;;;это не первый _случай_ уже // и;й;а;ч;у;л;с;S;СЛУЧАЙ;S m inan nom sg;Й
20788;;уже;УЖЕ;ADV -;;;не первый случай _уже_ // и мне;е;ж;у;;;;ADV;УЖЕ;ADV -;Е
20789;;//;//;PUNCT;;;;;;;;;;PUNCT;;;
20790;;и;И;CONJ;;;случай уже // _и_ мне там /;и;;;;;;CONJ;И;CONJ;И
20791;;мне;Я;SPRO sg 1p - dat;;;уже // и _мне_ там / я;е;н;м;;;;SPRO;Я;SPRO sg 1p - dat;Я
20792;;там;ТАМ;PART;;;// и мне _там_ / я ;м;а;т;;;;ADV;ТАМ;ADV -;М
20793;;/;/;PUNCT;;;;;;;;;;PUNCT;;;
20794;;я;Я;SPRO sg 1p - nom;;;мне там / _я_  када ;я;;;;;;SPRO;Я;SPRO sg 1p - nom;Я
20795;"<distinct form=""";;;;;;;;;;;;;;;;
20796;<dist>;када;;;;;;;;;;;;;;;
20797;""">";;;;;;;;;;;;;;;;
20798;;когда;КОГДА;CONJ;;; када  _когда_  об этой;а;д;г;о;к;;CONJ;КОГДА;CONJ;А
20799;</distinct>;;;;;;;;;;;;;;;;
20800;;об;ОБ;PR;;; когда  _об_ этой ситуации рассказала;б;о;;;;;PR;ОБ;PR;Б
20801;;этой;ЭТОТ;APRO - loc sg plen f -;;;когда  об _этой_ ситуации рассказала потом;й;о;т;э;;;APRO;ЭТОТ;A - loc sg plen f -;Т
20802;;ситуации;СИТУАЦИЯ;S f inan loc sg;;; об этой _ситуации_ рассказала потом своей;и;и;ц;а;у;т;S;СИТУАЦИЯ;S f inan loc sg;Я
20803;;рассказала;РАССКАЗАТЬ;V pf praet sg indic f -;;;об этой ситуации _рассказала_ потом своей подруге;а;л;а;з;а;к;V;РАССКАЗАТЬ;V pf praet sg indic f -;Ь
20804;;потом;ПОТОМ;ADV -;;;этой ситуации рассказала _потом_ своей подруге /;м;о;т;о;п;;ADV;ПОТОМ;ADV -;М
20805;;своей;СВОЙ;APRO - dat sg plen f -;;;ситуации рассказала потом _своей_ подруге / в;й;е;о;в;с;;APRO;СВОЙ;A - ins sg plen f -;Й
20806;;подруге;ПОДРУГА;S f anim dat sg;;;рассказала потом своей _подруге_ / в общаге;е;г;у;р;д;о;S;ПОДРУГА;S f anim dat sg;А
20807;;/;/;PUNCT;;;;;;;;;;PUNCT;;;
20808;;в;В;PR;;;своей подруге / _в_ общаге // она;в;;;;;;PR;В;PR;В
20809;;общаге;ОБЩАГА;S f inan loc sg;;;подруге / в _общаге_ // она сказала;е;г;а;щ;б;о;S;ОБЩАГА;S f inan loc sg;А
20810;;//;//;PUNCT;;;;;;;;;;PUNCT;;;
20811;;она;ОНА;SPRO sg 3p f nom;;;в общаге // _она_ сказала / что;а;н;о;;;;SPRO;ОНА;SPRO sg 3p f nom;А
20812;;сказала;СКАЗАТЬ;V pf praet sg indic f -;;;общаге // она _сказала_ / что её;а;л;а;з;а;к;V;СКАЗАТЬ;V pf praet sg indic f -;Ь
20813;;/;/;PUNCT;;;;;;;;;;PUNCT;;;
20814;;что;ЧТО;CONJ;;;она сказала / _что_ её соседке тоже;о;т;ч;;;;CONJ;ЧТО;CONJ;О
20815;;её;ЕЕ;APRO;;;сказала / что _её_ соседке тоже писал;ё;е;;;;;APRO;ЕЕ;A - nonflex - plen - -;Е
20816;;соседке;СОСЕДКА;S f anim dat sg;;;/ что её _соседке_ тоже писал какой-то;е;к;д;е;с;о;S;СОСЕДКА;S f anim dat sg;А
20817;;тоже;ТОЖЕ;PART;;;что её соседке _тоже_ писал какой-то //;е;ж;о;т;;;PART;ТОЖЕ;PART;Е
20818;;писал;ПИСАТЬ;V ipf praet sg indic m -;;;её соседке тоже _писал_ какой-то // видимо;л;а;с;и;п;;V;ПИСАТЬ;V ipf praet sg indic m -;Ь
20819;;какой-то;КАКОЙ-ТО;APRO - nom sg plen m -;;;соседке тоже писал _какой-то_ // видимо это;о;т;-;й;о;к;APRO;КАКОЙ-ТО;A - gen sg plen f -;О
20820;;//;//;PUNCT;;;;;;;;;;PUNCT;;;
20821;;видимо;ВИДИМО;ADV -;;;писал какой-то // _видимо_ это был он;о;м;и;д;и;в;ADV;ВИДИМО;ADV -;О
20822;;это;ЭТО;SPRO n - nom sg;;;какой-то // видимо _это_ был он //;о;т;э;;;;SPRO;ЭТО;S n inan acc sg;О
20823;;был;БЫТЬ;V ipf praet sg indic m -;;;// видимо это _был_ он // и;л;ы;б;;;;V;БЫТЬ;V ipf praet sg indic m -;Ь
20824;;он;ОН;SPRO sg 3p m nom;;;видимо это был _он_ // и в;н;о;;;;;SPRO;ОН;SPRO sg 3p m nom;Н
20825;;//;//;PUNCT;;;;;;;;;;PUNCT;;;
20826;;и;И;CONJ;;;был он // _и_ в общем охранник;и;;;;;;CONJ;И;CONJ;И
20827;;в;В;PR;;;он // и _в_ общем охранник потом;в;;;;;;PR;В;PR;В
20828;;общем;ОБЩИЙ;S n inan loc sg;;;// и в _общем_ охранник потом /;м;е;щ;б;о;;A;ОБЩИЙ;A - loc sg plen m -;Й
20829;;охранник;ОХРАННИК;S m anim nom sg;;;и в общем _охранник_ потом / у;к;и;н;н;а;р;S;ОХРАННИК;S m anim nom sg;К
20830;;потом;ПОТОМ;ADV -;;;в общем охранник _потом_ / у меня;м;о;т;о;п;;ADV;ПОТОМ;ADV -;М
20831;;/;/;PUNCT;;;;;;;;;;PUNCT;;;
20832;;у;У;PR;;;охранник потом / _у_ меня / ну;у;;;;;;PR;У;PR;У
20833;;меня;Я;SPRO sg 1p - gen;;;потом / у _меня_ / ну мне;я;н;е;м;;;SPRO;Я;SPRO sg 1p - acc;Я
20834;;/;/;PUNCT;;;;;;;;;;PUNCT;;;
20835;;ну;НУ;PART;;;у меня / _ну_ мне сказал /;у;н;;;;;PART;НУ;PART;У
20836;;мне;Я;SPRO sg 1p - dat;;;меня / ну _мне_ сказал / что;е;н;м;;;;SPRO;Я;SPRO sg 1p - dat;Я
20837;;сказал;СКАЗАТЬ;V pf praet sg indic m -;;;/ ну мне _сказал_ / что типа;л;а;з;а;к;с;V;СКАЗАТЬ;V pf praet sg indic m -;Ь
20838;;/;/;PUNCT;;;;;;;;;;PUNCT;;;
20839;;что;ЧТО;CONJ;;;мне сказал / _что_ типа этот ;о;т;ч;;;;CONJ;ЧТО;CONJ;О
20840;;типа;ТИПА;PART;;;сказал / что _типа_ этот  чек;а;п;и;т;;;PART;ТИПА;PART;А
20841;;этот;ЭТОТ;APRO - nom sg plen m -;;;/ что типа _этот_  чек ;т;о;т;э;;;APRO;ЭТОТ;A - acc sg plen m inan;Т
20842;"<distinct form=""";;;;;;;;;;;;;;;;
20843;<dist>;чек;;;;;;;;;;;;;;;
20844;""">";;;;;;;;;;;;;;;;
20845;;человек;ЧЕЛОВЕК;S m anim nom pl;;; чек  _человек_  работал здесь;к;е;в;о;л;е;S;ЧЕЛОВЕК;S m anim gen pl;К
20846;</distinct>;;;;;;;;;;;;;;;;
20847;;работал;РАБОТАТЬ;V ipf praet sg indic m -;;; человек  _работал_ здесь последний день;л;а;т;о;б;а;V;РАБОТАТЬ;V ipf praet sg indic m -;Ь
20848;;здесь;ЗДЕСЬ;ADV -;;;человек  работал _здесь_ последний день //;ь;с;е;д;з;;ADV;ЗДЕСЬ;ADV -;Ь
20849;;последний;ПОСЛЕДНИЙ;A - acc sg plen m inan;;; работал здесь _последний_ день // но;й;и;н;д;е;л;A;ПОСЛЕДНИЙ;A - acc sg plen m inan;Й
20850;;день;ДЕНЬ;S m inan acc sg;;;работал здесь последний _день_ // но потом;ь;н;е;д;;;S;ДЕНЬ;S m inan acc sg;Ь
20851;;//;//;PUNCT;;;;;;;;;;PUNCT;;;
20852;;но;НО;CONJ;;;последний день // _но_ потом он ещё;о;н;;;;;CONJ;НО;CONJ;О
20853;;потом;ПОТОМ;ADV -;;;день // но _потом_ он ещё меня;м;о;т;о;п;;ADV;ПОТОМ;ADV -;М
20854;;он;ОН;SPRO sg 3p m nom;;;// но потом _он_ ещё меня вызывал;н;о;;;;;SPRO;ОН;SPRO sg 3p m nom;Н
20855;;ещё;ЕЩЕ;ADV -;;;но потом он _ещё_ меня вызывал /;ё;щ;е;;;;ADV;ЕЩЕ;ADV -;Е
20856;;меня;Я;SPRO sg 1p - acc;;;потом он ещё _меня_ вызывал / отдельно;я;н;е;м;;;SPRO;Я;SPRO sg 1p - acc;Я
20857;;вызывал;ВЫЗЫВАТЬ;V ipf praet sg indic m -;;;он ещё меня _вызывал_ / отдельно /;л;а;в;ы;з;ы;V;ВЫЗЫВАТЬ;V ipf praet sg indic m -;Ь
20858;;/;/;PUNCT;;;;;;;;;;PUNCT;;;
20859;;отдельно;ОТДЕЛЬНО;ADV -;;;меня вызывал / _отдельно_ / потом //;о;н;ь;л;е;д;ADV;ОТДЕЛЬНО;ADV -;О
20860;;/;/;PUNCT;;;;;;;;;;PUNCT;;;
20861;;потом;ПОТОМ;ADV -;;;/ отдельно / _потом_ // эээ он;м;о;т;о;п;;ADV;ПОТОМ;ADV -;М
20862;;//;//;PUNCT;;;;;;;;;;PUNCT;;;
20863;;эээ;ЭЭЭ;INTJ;;;/ потом // _эээ_ он читал сообщения;э;э;э;;;;NONLEX;ЭЭЭ;NONLEX;Э
20864;;он;ОН;SPRO sg 3p m nom;;;потом // эээ _он_ читал сообщения //;н;о;;;;;SPRO;ОН;SPRO sg 3p m nom;Н
20865;;читал;ЧИТАТЬ;V ipf praet sg indic m -;;;// эээ он _читал_ сообщения // я;л;а;т;и;ч;;V;ЧИТАТЬ;V ipf praet sg indic m -;Ь
20866;;сообщения;СООБЩЕНИЕ;S n inan acc pl;;;эээ он читал _сообщения_ // я типа;я;и;н;е;щ;б;S;СООБЩЕНИЕ;S n inan acc pl;Е
20867;;//;//;PUNCT;;;;;;;;;;PUNCT;;;
20868;;я;Я;SPRO sg 1p - nom;;;читал сообщения // _я_ типа переписку сохранила;я;;;;;;SPRO;Я;SPRO sg 1p - nom;Я
20869;;типа;ТИПА;PART;;;сообщения // я _типа_ переписку сохранила //;а;п;и;т;;;PART;ТИПА;PART;А
20870;;переписку;ПЕРЕПИСКА;S f inan acc sg;;;// я типа _переписку_ сохранила // он;у;к;с;и;п;е;S;ПЕРЕПИСКА;S f inan acc sg;А
20871;;сохранила;СОХРАНИТЬ;V pf praet sg indic f -;;;я типа переписку _сохранила_ // он читал;а;л;и;н;а;р;V;СОХРАНИТЬ;V pf praet sg indic f -;Ь
20872;;//;//;PUNCT;;;;;;;;;;PUNCT;;;
20873;;он;ОН;SPRO sg 3p m nom;;;переписку сохранила // _он_ читал сообщения /;н;о;;;;;SPRO;ОН;SPRO sg 3p m nom;Н
20874;;читал;ЧИТАТЬ;V ipf praet sg indic m -;;;сохранила // он _читал_ сообщения / записывал;л;а;т;и;ч;;V;ЧИТАТЬ;V ipf praet sg indic m -;Ь
20875;;сообщения;СООБЩЕНИЕ;S n inan acc pl;;;// он читал _сообщения_ / записывал время;я;и;н;е;щ;б;S;СООБЩЕНИЕ;S n inan acc pl;Е
20876;;/;/;PUNCT;;;;;;;;;;PUNCT;;;
20877;;записывал;ЗАПИСЫВАТЬ;V ipf praet sg indic m -;;;читал сообщения / _записывал_ время / когда;л;а;в;ы;с;и;V;ЗАПИСЫВАТЬ;V ipf praet sg indic m -;Ь
20878;;время;ВРЕМЯ;S n inan acc sg;;;сообщения / записывал _время_ / когда он;я;м;е;р;в;;S;ВРЕМЯ;S n inan acc sg;Я
20879;;/;/;PUNCT;;;;;;;;;;PUNCT;;;
20880;;когда;КОГДА;CONJ;;;записывал время / _когда_ он мне писал;а;д;г;о;к;;CONJ;КОГДА;CONJ;А
20881;;он;ОН;SPRO sg 3p m nom;;;время / когда _он_ мне писал ;н;о;;;;;SPRO;ОН;SPRO sg 3p m nom;Н
20882;;мне;Я;SPRO sg 1p - dat;;;/ когда он _мне_ писал  ;е;н;м;;;;SPRO;Я;SPRO sg 1p - dat;Я
20883;;писал;ПИСАТЬ;V ipf praet sg indic m -;;;когда он мне _писал_   ;л;а;с;и;п;;V;ПИСАТЬ;V ipf praet sg indic m -;Ь
20884;;;;;;;;;;;;;;;;;
20885;# sent = 1481;;;;;;;;;;;;;;;;
20886;# speaker = М;;;;;;;;;;;;;;;;
20887;# sent = 1482;;;;;;;;;;;;;;;;
20888;;на;НА;PR;;;   _на_ работе сидит вконтакте;а;н;;;;;PR;НА;PR;А
20889;;работе;РАБОТА;S f inan loc sg;;;  на _работе_ сидит вконтакте ;е;т;о;б;а;р;S;РАБОТА;S f inan loc sg;А
20890;;сидит;СИДЕТЬ;V ipf praes sg indic - 3p;;; на работе _сидит_ вконтакте  ;т;и;д;и;с;;V;СИДЕТЬ;V ipf praes sg indic - 3p;Ь
20891;;вконтакте;ВКОНТАКТЕ;S m inan loc sg;anom;;на работе сидит _вконтакте_   ;е;т;к;а;т;н;S;ВКОНТАКТЕ;S m inan loc sg;Е
20892;;;;;;;;;;;;;;;;;
20893;# sent = 1483;;;;;;;;;;;;;;;;
20894;# speaker = Т;;;;;;;;;;;;;;;;
20895;# sent = 1484;;;;;;;;;;;;;;;;
20896;;ну;НУ;PART;;;   _ну_ даже не то /;у;н;;;;;PART;НУ;PART;У
20897;;даже;ДАЖЕ;PART;;;  ну _даже_ не то / ну;е;ж;а;д;;;PART;ДАЖЕ;CONJ;Е
20898;;не то;не то;CONJ;раздельно;; ну даже _не то_ / ну /;о;т; ;е;н;;CONJ;не то;CONJ;о
20899;;/;/;PUNCT;;;;;;;;;;PUNCT;;;
20900;;ну;НУ;PART;;;даже не то / _ну_ / короче /;у;н;;;;;PART;НУ;PART;У
20901;;/;/;PUNCT;;;;;;;;;;PUNCT;;;
20902;;короче;КОРОЧЕ;PART ;;;/ ну / _короче_ / ну ;е;ч;о;р;о;к;ADV;КОРОЧЕ;ADV comp;Е
20903;;/;/;PUNCT;;;;;;;;;;PUNCT;;;
20904;;ну;НУ;PART;;;/ короче / _ну_  тип ;у;н;;;;;PART;НУ;PART;У
20905;"<distinct form=""";;;;;;;;;;;;;;;;
20906;<dist>;тип;;;;;;;;;;;;;;;
20907;""">";;;;;;;;;;;;;;;;
20908;;типа;ТИПА;PART;;; тип  _типа_  в рабочее;а;п;и;т;;;PART;ТИПА;PART;А
20909;</distinct>;;;;;;;;;;;;;;;;
20910;;в;В;PR;;; типа  _в_ рабочее время и;в;;;;;;PR;В;PR;В
20911;;рабочее;РАБОЧИЙ;A - acc sg plen n inan;;;типа  в _рабочее_ время и всё;е;е;ч;о;б;а;A;РАБОЧИЙ;A - acc sg plen n inan;Й
20912;;время;ВРЕМЯ;S n inan acc sg;;; в рабочее _время_ и всё такое;я;м;е;р;в;;S;ВРЕМЯ;S n inan acc sg;Я
20913;;и;И;CONJ;;;в рабочее время _и_ всё такое //;и;;;;;;CONJ;И;CONJ;И
20914;;всё;ВСЕ;S n - nom sg;;;рабочее время и _всё_ такое // он;ё;с;в;;;;S;ВСЕ;S n - nom sg;Е
20915;;такое;ТАКОЙ;APRO - nom sg plen n -;;;время и всё _такое_ // он записывал;е;о;к;а;т;;APRO;ТАКОЙ;A - nom sg plen n -;Й
20916;;//;//;PUNCT;;;;;;;;;;PUNCT;;;
20917;;он;ОН;SPRO sg 3p m nom;;;всё такое // _он_ записывал типа там;н;о;;;;;SPRO;ОН;SPRO sg 3p m nom;Н
20918;;записывал;ЗАПИСЫВАТЬ;V ipf praet sg indic m -;;;такое // он _записывал_ типа там каждое;л;а;в;ы;с;и;V;ЗАПИСЫВАТЬ;V ipf praet sg indic m -;Ь
20919;;типа;ТИПА;PART;;;// он записывал _типа_ там каждое ...;а;п;и;т;;;PART;ТИПА;PART;А
20920;;там;ТАМ;PART;;;он записывал типа _там_ каждое ... ;м;а;т;;;;ADV;ТАМ;ADV -;М
20921;;каждое;КАЖДЫЙ;APRO - acc sg plen n -;;;записывал типа там _каждое_ ...  ;е;о;д;ж;а;к;APRO;КАЖДЫЙ;A - nom sg plen n -;Й
20922;;...;...;PUNCT;;;;;;;;;;PUNCT;;;
20923;;;;;;;;;;;;;;;;;
20924;# sent = 1485;;;;;;;;;;;;;;;;
20925;;/;/;PUNCT;;;;;;;;;;PUNCT;;;
20926;;чуть;ЧУТЬ;PART ;;;  / _чуть_ ли не каждое;ь;т;у;ч;;;ADV;ЧУТЬ;ADV -;Ь
20927;;ли;ЛИ;PART;;; / чуть _ли_ не каждое предложение;и;л;;;;;PART;ЛИ;PART;И
20928;;не;НЕ;PART;;;/ чуть ли _не_ каждое предложение /;е;н;;;;;PART;НЕ;PART;Е
20929;;каждое;КАЖДЫЙ;APRO - acc sg plen n -;;;чуть ли не _каждое_ предложение / ну;е;о;д;ж;а;к;APRO;КАЖДЫЙ;A - nom sg plen n -;Й
20930;;предложение;ПРЕДЛОЖЕНИЕ;S n inan acc sg;;;ли не каждое _предложение_ / ну типа;е;и;н;е;ж;о;S;ПРЕДЛОЖЕНИЕ;S n inan acc sg;Е
20931;;/;/;PUNCT;;;;;;;;;;PUNCT;;;
20932;;ну;НУ;PART;;;каждое предложение / _ну_ типа смысл его;у;н;;;;;PART;НУ;PART;У
20933;;типа;ТИПА;PART;;;предложение / ну _типа_ смысл его записывал;а;п;и;т;;;PART;ТИПА;PART;А
20934;;смысл;СМЫСЛ;S m inan acc sg;;;/ ну типа _смысл_ его записывал /;л;с;ы;м;с;;S;СМЫСЛ;S m inan nom sg;Л
20935;;его;ЕГО;SPRO sg 3p m gen;;;ну типа смысл _его_ записывал / по;о;г;е;;;;APRO;ЕГО;A - nonflex - plen - -;О
20936;;записывал;ЗАПИСЫВАТЬ;V ipf praet sg indic m -;;;типа смысл его _записывал_ / по времени;л;а;в;ы;с;и;V;ЗАПИСЫВАТЬ;V ipf praet sg indic m -;Ь
20937;;/;/;PUNCT;;;;;;;;;;PUNCT;;;
20938;;по;ПО;PR;;;его записывал / _по_ времени  ;о;п;;;;;PR;ПО;PR;О
20939;;времени;ВРЕМЯ;S n inan dat sg;;;записывал / по _времени_   ;и;н;е;м;е;р;S;ВРЕМЯ;S n inan gen sg;Я
20940;;;;;;;;;;;;;;;;;
20941;# sent = 1486;;;;;;;;;;;;;;;;
20942;# speaker = Т;;;;;;;;;;;;;;;;
20943;# sent = 1487;;;;;;;;;;;;;;;;
20944;;вот;ВОТ;PART;;;   _вот_ // и он;т;о;в;;;;PART;ВОТ;PART;Т
20945;;//;//;PUNCT;;;;;;;;;;PUNCT;;;
20946;;и;И;CONJ;;; вот // _и_ он мне такой;и;;;;;;CONJ;И;CONJ;И
20947;;он;ОН;SPRO sg 3p m nom;;;вот // и _он_ мне такой типа;н;о;;;;;SPRO;ОН;SPRO sg 3p m nom;Н
20948;;мне;Я;SPRO sg 1p - dat;;;// и он _мне_ такой типа ...;е;н;м;;;;SPRO;Я;SPRO sg 1p - dat;Я
20949;;такой;ТАКОЙ;APRO - nom sg plen m -;;;и он мне _такой_ типа ... ;й;о;к;а;т;;APRO;ТАКОЙ;A - gen sg plen f -;Й
20950;;типа;ТИПА;PART;;;он мне такой _типа_ ...  ;а;п;и;т;;;PART;ТИПА;PART;А
20951;;...;...;PUNCT;;;;;;;;;;PUNCT;;;
20952;;;;;;;;;;;;;;;;;
20953;# sent = 1488;;;;;;;;;;;;;;;;
20954;;//;//;PUNCT;;;;;;;;;;PUNCT;;;
20955;;ааа;ААА;INTJ;;;  // _ааа_ / а ещё;а;а;а;;;;INTJ;ААА;S m inan nonflex -;А
20956;;/;/;PUNCT;;;;;;;;;;PUNCT;;;
20957;;а;А;CONJ;;;// ааа / _а_ ещё  чё;а;;;;;;CONJ;А;CONJ;А
20958;;ещё;ЕЩЕ;ADV -;;;ааа / а _ещё_  чё ;ё;щ;е;;;;ADV;ЕЩЕ;ADV -;Е
20959;"<distinct form=""";;;;;;;;;;;;;;;;
20960;<dist>;чё;;;;;;;;;;;;;;;
20961;""">";;;;;;;;;;;;;;;;
20962;;что;ЧТО;SPRO n inan nom sg;;; чё  _что_  было смешно;о;т;ч;;;;ADV;ЧТО;ADV -;О
20963;</distinct>;;;;;;;;;;;;;;;;
20964;;было;БЫТЬ;V ipf praet sg indic n -;;; что  _было_ смешно - то;о;л;ы;б;;;V;БЫТЬ;V ipf praet sg indic n -;Ь
20965;;смешно;СМЕШНОЙ;A - - sg brev n -;;;что  было _смешно_ - то //;о;н;ш;е;м;с;A;СМЕШНОЙ;A - - sg brev n -;Й
20966;;-;-;PUNCT;;;;;;;;;;PUNCT;;;
20967;;то;ТО;PART;;;было смешно - _то_ // Девочки /;о;т;;;;;PART;ТО;CONJ;О
20968;;//;//;PUNCT;;;;;;;;;;PUNCT;;;
20969;;Девочки;ДЕВОЧКА;S f anim nom sg;;;- то // _Девочки_ / которые дома;и;к;ч;о;в;е;S;ДЕВОЧКА;S f anim nom sg;А
20970;;/;/;PUNCT;;;;;;;;;;PUNCT;;;
20971;;которые;КОТОРЫЙ;APRO - nom pl plen - -;;;// Девочки / _которые_ дома были /;е;ы;р;о;т;о;APRO;КОТОРЫЙ;A - nom pl plen - -;Й
20972;;дома;ДОМА;ADV -;;;Девочки / которые _дома_ были / они;а;м;о;д;;;S;ДОМ;S m inan nom pl;А
20973;;были;БЫТЬ;V ipf praet pl indic - -;;;/ которые дома _были_ / они стояли;и;л;ы;б;;;V;БЫТЬ;V ipf praet pl indic - -;Ь
20974;;/;/;PUNCT;;;;;;;;;;PUNCT;;;
20975;;они;ОНИ;SPRO pl - - nom;;;дома были / _они_ стояли под дверью;и;н;о;;;;SPRO;ОНИ;SPRO pl - - nom;И
20976;;стояли;СТОЯТЬ;V ipf praet pl indic - -;;;были / они _стояли_ под дверью /;и;л;я;о;т;с;V;СТОЯТЬ;V ipf praet pl indic - -;Ь
20977;;под;ПОД;PR;;;/ они стояли _под_ дверью / вот;д;о;п;;;;PR;ПОД;PR;Д
20978;;дверью;ДВЕРЬ;S f inan ins sg;;;они стояли под _дверью_ / вот тут;ю;ь;р;е;в;д;S;ДВЕРЬ;S f inan ins sg;Ь
20979;;/;/;PUNCT;;;;;;;;;;PUNCT;;;
20980;;вот;ВОТ;PART;;;под дверью / _вот_ тут вот /;т;о;в;;;;PART;ВОТ;PART;Т
20981;;тут;ТУТ;ADVPRO;;;дверью / вот _тут_ вот / под;т;у;т;;;;ADV;ТУТ;ADV -;Т
20982;;вот;ВОТ;PART;;;/ вот тут _вот_ / под входной;т;о;в;;;;PART;ВОТ;PART;Т
20983;;/;/;PUNCT;;;;;;;;;;PUNCT;;;
20984;;под;ПОД;PR;;;тут вот / _под_ входной / и;д;о;п;;;;PR;ПОД;PR;Д
20985;;входной;ВХОДНОЙ;A - ins sg plen f -;;;вот / под _входной_ / и слушали;й;о;н;д;о;х;A;ВХОДНОЙ;A - gen sg plen f -;Й
20986;;/;/;PUNCT;;;;;;;;;;PUNCT;;;
20987;;и;И;CONJ;;;под входной / _и_ слушали // потому что;и;;;;;;CONJ;И;CONJ;И
20988;;слушали;СЛУШАТЬ;V ipf praet pl indic - -;;;входной / и _слушали_ // потому что он;и;л;а;ш;у;л;V;СЛУШАТЬ;V ipf praet pl indic - -;Ь
20989;;//;//;PUNCT;;;;;;;;;;PUNCT;;;
20990;;потому что;потому что;CONJ;;;и слушали // _потому что_ он меня вывел;о;т;ч; ;у;м;CONJ;потому что;CONJ;о
20991;;он;ОН;SPRO sg 3p m nom;;;слушали // потому что _он_ меня вывел в;н;о;;;;;SPRO;ОН;SPRO sg 3p m nom;Н
20992;;меня;Я;SPRO sg 1p - acc;;;// потому что он _меня_ вывел в коридор;я;н;е;м;;;SPRO;Я;SPRO sg 1p - acc;Я
20993;;вывел;ВЫВЕСТИ;V pf praet sg indic m -;;;потому что он меня _вывел_ в коридор /;л;е;в;ы;в;;V;ВЫВЕСТИ;V pf praet sg indic m -;И
20994;;в;В;PR;;;он меня вывел _в_ коридор / мы;в;;;;;;PR;В;PR;В
20995;;коридор;КОРИДОР;S m inan acc sg;;;меня вывел в _коридор_ / мы же;р;о;д;и;р;о;S;КОРИДОР;S m inan acc sg;Р
20996;;/;/;PUNCT;;;;;;;;;;PUNCT;;;
20997;;мы;МЫ;SPRO pl 1p - nom;;;в коридор / _мы_ же там в;ы;м;;;;;SPRO;МЫ;SPRO pl 1p - nom;Ы
20998;;же;ЖЕ;PART;;;коридор / мы _же_ там в коридоре;е;ж;;;;;PART;ЖЕ;PART;Е
20999;;там;ТАМ;ADVPRO;;;/ мы же _там_ в коридоре с;м;а;т;;;;ADV;ТАМ;ADV -;М
21000;;в;В;PR;;;мы же там _в_ коридоре с ним;в;;;;;;PR;В;PR;В
21001;;коридоре;КОРИДОР;S m inan loc sg;;;же там в _коридоре_ с ним разговаривали;е;р;о;д;и;р;S;КОРИДОР;S m inan loc sg;Р
21002;;с;С;PR;;;там в коридоре _с_ ним разговаривали //;с;;;;;;PR;С;PR;С
21003;;ним;ОН;SPRO sg 3p m ins;;;в коридоре с _ним_ разговаривали // типа;м;и;н;;;;SPRO;ОН;SPRO sg 3p m ins;Н
21004;;разговаривали;РАЗГОВАРИВАТЬ;V ipf praet pl indic - -;;;коридоре с ним _разговаривали_ // типа он;и;л;а;в;и;р;V;РАЗГОВАРИВАТЬ;V ipf praet pl indic - -;Ь
21005;;//;//;PUNCT;;;;;;;;;;PUNCT;;;
21006;;типа;ТИПА;PART;;;ним разговаривали // _типа_ он такой типа;а;п;и;т;;;PART;ТИПА;PART;А
21007;;он;ОН;SPRO sg 3p m nom;;;разговаривали // типа _он_ такой типа ну;н;о;;;;;SPRO;ОН;SPRO sg 3p m nom;Н
21008;;такой;ТАКОЙ;APRO - nom sg plen m -;;;// типа он _такой_ типа ну если;й;о;к;а;т;;APRO;ТАКОЙ;A - nom sg plen m -;Й
21009;;типа;ТИПА;PART;;;типа он такой _типа_ ну если что;а;п;и;т;;;PART;ТИПА;PART;А
21010;;ну;НУ;PART;;;он такой типа _ну_ если что типа;у;н;;;;;PART;НУ;PART;У
21011;;если;ЕСЛИ;CONJ;;;такой типа ну _если_ что типа вы;и;л;с;е;;;CONJ;ЕСЛИ;CONJ;И
21012;;что;ЧТО;SPRO n inan nom sg;;;типа ну если _что_ типа вы мне;о;т;ч;;;;CONJ;ЧТО;CONJ;О
21013;;типа;ТИПА;PART;;;ну если что _типа_ вы мне можете;а;п;и;т;;;PART;ТИПА;PART;А
21014;;вы;ВЫ;SPRO pl 2p - nom;;;если что типа _вы_ мне можете позвонить;ы;в;;;;;SPRO;ВЫ;SPRO pl 2p - nom;Ы
21015;;мне;Я;SPRO sg 1p - dat;;;что типа вы _мне_ можете позвонить /;е;н;м;;;;SPRO;Я;SPRO sg 1p - dat;Я
21016;;можете;МОЧЬ;V ipf praes pl indic - 2p;;;типа вы мне _можете_ позвонить / типа;е;т;е;ж;о;м;V;МОЧЬ;V ipf praes pl indic - 2p;Ь
21017;;позвонить;ПОЗВОНИТЬ;V pf - - inf - -;;;вы мне можете _позвонить_ / типа если;ь;т;и;н;о;в;V;ПОЗВОНИТЬ;V pf - - inf - -;Ь
21018;;/;/;PUNCT;;;;;;;;;;PUNCT;;;
21019;;типа;ТИПА;PART;;;можете позвонить / _типа_ если будет такое;а;п;и;т;;;PART;ТИПА;PART;А
21020;;если;ЕСЛИ;CONJ;;;позвонить / типа _если_ будет такое снова;и;л;с;е;;;CONJ;ЕСЛИ;CONJ;И
21021;;будет;БЫТЬ;V ipf fut sg indic - 3p;;;/ типа если _будет_ такое снова //;т;е;д;у;б;;V;БЫТЬ;V ipf praes sg indic - 3p;Ь
21022;;такое;ТАКОЙ;APRO - nom sg plen n -;;;типа если будет _такое_ снова // хорошо;е;о;к;а;т;;APRO;ТАКОЙ;A - nom sg plen n -;Й
21023;;снова;СНОВА;ADV -;;;если будет такое _снова_ // хорошо /;а;в;о;н;с;;ADV;СНОВА;ADV -;А
21024;;//;//;PUNCT;;;;;;;;;;PUNCT;;;
21025;;хорошо;ХОРОШО;ADV -;;;такое снова // _хорошо_ / ну хорошо;о;ш;о;р;о;х;ADV;ХОРОШО;ADV -;О
21026;;/;/;PUNCT;;;;;;;;;;PUNCT;;;
21027;;ну;НУ;PART;;;// хорошо / _ну_ хорошо / записала;у;н;;;;;PART;НУ;PART;У
21028;;хорошо;ХОРОШО;ADV -;;;хорошо / ну _хорошо_ / записала //;о;ш;о;р;о;х;ADV;ХОРОШО;ADV -;О
21029;;/;/;PUNCT;;;;;;;;;;PUNCT;;;
21030;;записала;ЗАПИСАТЬ;V pf praet sg indic f -;;;ну хорошо / _записала_ // прихожу /;а;л;а;с;и;п;V;ЗАПИСАТЬ;V pf praet sg indic f -;Ь
21031;;//;//;PUNCT;;;;;;;;;;PUNCT;;;
21032;;прихожу;ПРИХОДИТЬ;V ipf praes sg indic - 1p;;;/ записала // _прихожу_ / эээ в;у;ж;о;х;и;р;V;ПРИХОДИТЬ;V ipf praes sg indic - 1p;Ь
21033;;/;/;PUNCT;;;;;;;;;;PUNCT;;;
21034;;эээ;ЭЭЭ;INTJ;;;// прихожу / _эээ_ в квартиру /;э;э;э;;;;NONLEX;ЭЭЭ;NONLEX;Э
21035;;в;В;PR;;;прихожу / эээ _в_ квартиру / и;в;;;;;;PR;В;PR;В
21036;;квартиру;КВАРТИРА;S f inan acc sg;;;/ эээ в _квартиру_ / и девочки;у;р;и;т;р;а;S;КВАРТИРА;S f inan acc sg;А
21037;;/;/;PUNCT;;;;;;;;;;PUNCT;;;
21038;;и;И;CONJ;;;в квартиру / _и_ девочки начали смеяться;и;;;;;;CONJ;И;CONJ;И
21039;;девочки;ДЕВОЧКА;S f anim nom pl;;;квартиру / и _девочки_ начали смеяться /;и;к;ч;о;в;е;S;ДЕВОЧКА;S f anim nom pl;А
21040;;начали;НАЧАТЬ;V pf praet pl indic - -;;;/ и девочки _начали_ смеяться / типа;и;л;а;ч;а;н;V;НАЧАТЬ;V pf praet pl indic - -;Ь
21041;;смеяться;СМЕЯТЬСЯ;V ipf - - inf - -;;;и девочки начали _смеяться_ / типа то;я;с;ь;т;я;е;V;СМЕЯТЬСЯ;V ipf - - inf - -;Я
21042;;/;/;PUNCT;;;;;;;;;;PUNCT;;;
21043;;типа;ТИПА;PART;;;начали смеяться / _типа_ то что этот;а;п;и;т;;;PART;ТИПА;PART;А
21044;;то;ТО;SPRO n - nom sg;;;смеяться / типа _то_ что этот начальник;о;т;;;;;SPRO;ТО;CONJ;О
21045;;что;ЧТО;CONJ;;;/ типа то _что_ этот начальник охраны;о;т;ч;;;;CONJ;ЧТО;CONJ;О
21046;;этот;ЭТОТ;APRO - nom sg plen m -;;;типа то что _этот_ начальник охраны /;т;о;т;э;;;APRO;ЭТОТ;A - nom sg plen m -;Т
21047;;начальник;НАЧАЛЬНИК;S m anim nom sg;;;то что этот _начальник_ охраны / сам;к;и;н;ь;л;а;S;НАЧАЛЬНИК;S m anim nom sg;К
21048;;охраны;ОХРАНА;S f inan gen sg;;;что этот начальник _охраны_ / сам хорош;ы;н;а;р;х;о;S;ОХРАНА;S f inan gen sg;А
21049;;/;/;PUNCT;;;;;;;;;;PUNCT;;;
21050;;сам;САМ;APRO - nom sg plen m -;;;начальник охраны / _сам_ хорош ! ;м;а;с;;;;A;САМ;A - nom sg plen m -;М
21051;;хорош;ХОРОШИЙ;A - - sg brev m -;;;охраны / сам _хорош_ !  ;ш;о;р;о;х;;A;ХОРОШИЙ;A - - sg brev m -;Й
21052;;!;!;PUNCT;;;;;;;;;;PUNCT;;;
21053;;;;;;;;;;;;;;;;;
21054;# sent = 1489;;;;;;;;;;;;;;;;
21055;;//;//;PUNCT;;;;;;;;;;PUNCT;;;
21056;;то есть;то есть;CONJ;;;  // _то есть_ он подкатывал к;ь;т;с;е; ;о;CONJ;то есть;ADV -;ь
21057;;он;ОН;SPRO sg 3p m nom;;; // то есть _он_ подкатывал к какой-то;н;о;;;;;SPRO;ОН;SPRO sg 3p m nom;Н
21058;;подкатывал;ПОДКАТЫВАТЬ;V ipf praet sg indic m -;;;// то есть он _подкатывал_ к какой-то нашей;л;а;в;ы;т;а;V;ПОДКАТЫВАТЬ;V ipf praet sg indic m -;Ь
21059;;к;К;PR;;;то есть он подкатывал _к_ какой-то нашей другой;к;;;;;;PR;К;PR;К
21060;;какой-то;КАКОЙ-ТО;APRO - dat sg plen f -;;;он подкатывал к _какой-то_ нашей другой девочке;о;т;-;й;о;к;APRO;КАКОЙ-ТО;A - loc sg plen f -;О
21061;;нашей;НАШ;APRO - dat sg plen f -;;;подкатывал к какой-то _нашей_ другой девочке /;й;е;ш;а;н;;APRO;НАШ;A - loc sg plen f -;Ш
21062;;другой;ДРУГОЙ;A - dat sg plen f -;;;к какой-то нашей _другой_ девочке / которая;й;о;г;у;р;д;A;ДРУГОЙ;A - gen sg plen f -;Й
21063;;девочке;ДЕВОЧКА;S f anim dat sg;;;какой-то нашей другой _девочке_ / которая жила;е;к;ч;о;в;е;S;ДЕВОЧКА;S f anim dat sg;А
21064;;/;/;PUNCT;;;;;;;;;;PUNCT;;;
21065;;которая;КОТОРЫЙ;APRO - nom sg plen f -;;;другой девочке / _которая_ жила тоже в;я;а;р;о;т;о;APRO;КОТОРЫЙ;A - nom sg plen f -;Й
21066;;жила;ЖИТЬ;V ipf praet sg indic f -;;;девочке / которая _жила_ тоже в нашей;а;л;и;ж;;;V;ЖИТЬ;V ipf praet sg indic f -;Ь
21067;;тоже;ТОЖЕ;PART;;;/ которая жила _тоже_ в нашей квартире;е;ж;о;т;;;PART;ТОЖЕ;PART;Е
21068;;в;В;PR;;;которая жила тоже _в_ нашей квартире //;в;;;;;;PR;В;PR;В
21069;;нашей;НАШ;APRO - loc sg plen f -;;;жила тоже в _нашей_ квартире // то есть;й;е;ш;а;н;;APRO;НАШ;A - loc sg plen f -;Ш
21070;;квартире;КВАРТИРА;S f inan loc sg;;;тоже в нашей _квартире_ // то есть он;е;р;и;т;р;а;S;КВАРТИРА;S f inan loc sg;А
21071;;//;//;PUNCT;;;;;;;;;;PUNCT;;;
21072;;то есть;то есть;CONJ;;;нашей квартире // _то есть_ он сам /;ь;т;с;е; ;о;CONJ;то есть;ADV -;ь
21073;;он;ОН;SPRO sg 3p m nom;;;квартире // то есть _он_ сам / то есть;н;о;;;;;SPRO;ОН;SPRO sg 3p m nom;Н
21074;;сам;САМ;APRO - nom sg plen m -;;;// то есть он _сам_ / то есть он;м;а;с;;;;A;САМ;A - nom sg plen m -;М
21075;;/;/;PUNCT;;;;;;;;;;PUNCT;;;
21076;;то есть;то есть;CONJ;;;он сам / _то есть_ он даже типа;ь;т;с;е; ;о;CONJ;то есть;ADV -;ь
21077;;он;ОН;SPRO sg 3p m nom;;;сам / то есть _он_ даже типа //;н;о;;;;;SPRO;ОН;SPRO sg 3p m nom;Н
21078;;даже;ДАЖЕ;PART;;;/ то есть он _даже_ типа // эээ;е;ж;а;д;;;PART;ДАЖЕ;PART;Е
21079;;типа;ТИПА;PART;;;то есть он даже _типа_ // эээ чуть;а;п;и;т;;;PART;ТИПА;PART;А
21080;;//;//;PUNCT;;;;;;;;;;PUNCT;;;
21081;;эээ;ЭЭЭ;INTJ;;;даже типа // _эээ_ чуть ли не;э;э;э;;;;NONLEX;ЭЭЭ;NONLEX;Э
21082;;чуть;ЧУТЬ;PART ;;;типа // эээ _чуть_ ли не там;ь;т;у;ч;;;ADV;ЧУТЬ;ADV -;Ь
21083;;ли;ЛИ;PART;;;// эээ чуть _ли_ не там /;и;л;;;;;PART;ЛИ;PART;И
21084;;не;НЕ;PART;;;эээ чуть ли _не_ там / разговаривать;е;н;;;;;PART;НЕ;PART;Е
21085;;там;ТАМ;PART;;;чуть ли не _там_ / разговаривать с;м;а;т;;;;ADV;ТАМ;ADV -;М
21086;;/;/;PUNCT;;;;;;;;;;PUNCT;;;
21087;;разговаривать;РАЗГОВАРИВАТЬ;V ipf - - inf - -;;;не там / _разговаривать_ с ней пытался;ь;т;а;в;и;р;V;РАЗГОВАРИВАТЬ;V ipf - - inf - -;Ь
21088;;с;С;PR;;;там / разговаривать _с_ ней пытался //;с;;;;;;PR;С;PR;С
21089;;ней;ОНА;SPRO sg 3p f ins;;;/ разговаривать с _ней_ пытался // ну;й;е;н;;;;SPRO;ОНА;SPRO sg 3p f loc;А
21090;;пытался;ПЫТАТЬСЯ;V ipf praet sg indic m -;;;разговаривать с ней _пытался_ // ну не;я;с;л;а;т;ы;V;ПЫТАТЬСЯ;V ipf praet sg indic m -;Я
21091;;//;//;PUNCT;;;;;;;;;;PUNCT;;;
21092;;ну;НУ;PART;;;ней пытался // _ну_ не вконтакте /;у;н;;;;;PART;НУ;PART;У
21093;;не;НЕ;PART;;;пытался // ну _не_ вконтакте / а;е;н;;;;;PART;НЕ;PART;Е
21094;;вконтакте;ВКОНТАКТЕ;S m inan loc sg;anom;;// ну не _вконтакте_ / а вот;е;т;к;а;т;н;S;ВКОНТАКТЕ;S m inan loc sg;Е
21095;;/;/;PUNCT;;;;;;;;;;PUNCT;;;
21096;;а;А;CONJ;;;не вконтакте / _а_ вот типа вживую;а;;;;;;CONJ;А;CONJ;А
21097;;вот;ВОТ;PART;;;вконтакте / а _вот_ типа вживую //;т;о;в;;;;PART;ВОТ;PART;Т
21098;;типа;ТИПА;PART;;;/ а вот _типа_ вживую // так что;а;п;и;т;;;PART;ТИПА;PART;А
21099;;вживую;ВЖИВУЮ;ADV -;new;;а вот типа _вживую_ // так что ...;ю;у;в;и;ж;в;A;ВЖИВОЙ;A - acc sg plen f -;Ю
21100;;//;//;PUNCT;;;;;;;;;;PUNCT;;;
21101;;так что;так что;CONJ;;;типа вживую // _так что_ ...  ;о;т;ч; ;к;а;CONJ;так что;CONJ;о
21102;;...;...;PUNCT;;;;;;;;;;PUNCT;;;
21103;;;;;;;;;;;;;;;;;
21104;# sent = 1490;;;;;;;;;;;;;;;;
21105;# speaker = М;;;;;;;;;;;;;;;;
21106;# sent = 1491;;;;;;;;;;;;;;;;
21107;;ну;НУ;PART;;;   _ну_ да / а;у;н;;;;;PART;НУ;PART;У
21108;;да;ДА;PART;;;  ну _да_ / а ...;а;д;;;;;PART;ДА;PART;А
21109;;/;/;PUNCT;;;;;;;;;;PUNCT;;;
21110;;а;А;CONJ;;;ну да / _а_ ...  ;а;;;;;;CONJ;А;CONJ;А
21111;;...;...;PUNCT;;;;;;;;;;PUNCT;;;
21112;;;;;;;;;;;;;;;;;
21113;# sent = 1492;;;;;;;;;;;;;;;;
21114;# speaker = Т;;;;;;;;;;;;;;;;
21115;# sent = 1493;;;;;;;;;;;;;;;;
21116;;страшно;СТРАШНО;ADV -;;;   _страшно_ / блин /;о;н;ш;а;р;т;ADV;СТРАШНО;ADV -;О
21117;;/;/;PUNCT;;;;;;;;;;PUNCT;;;
21118;;блин;БЛИН;INTJ -;;; страшно / _блин_ / было !;н;и;л;б;;;S;БЛИН;S m inan nom sg;Н
21119;;/;/;PUNCT;;;;;;;;;;PUNCT;;;
21120;;было;БЫТЬ;V ipf praet sg indic n -;;;/ блин / _было_ !  ;о;л;ы;б;;;V;БЫТЬ;V ipf praet sg indic n -;Ь
21121;;!;!;PUNCT;;;;;;;;;;PUNCT;;;
21122;;;;;;;;;;;;;;;;;
21123;# sent = 1494;;;;;;;;;;;;;;;;
21124;# speaker = М;;;;;;;;;;;;;;;;
21125;# sent = 1495;;;;;;;;;;;;;;;;
21126;;а;А;CONJ;;;   _а_ как он узнал;а;;;;;;CONJ;А;CONJ;А
21127;;как;КАК;ADVPRO;;;  а _как_ он узнал -;к;а;к;;;;ADV;КАК;ADV -;К
21128;;он;ОН;SPRO sg 3p m nom;;; а как _он_ узнал - то;н;о;;;;;SPRO;ОН;SPRO sg 3p m nom;Н
21129;;узнал;УЗНАТЬ;V pf praet sg indic m -;;;а как он _узнал_ - то /;л;а;н;з;у;;V;УЗНАТЬ;V pf praet sg indic m -;Ь
21130;;-;-;PUNCT;;;;;;;;;;PUNCT;;;
21131;;то;ТО;PART;;;он узнал - _то_ / как тебя;о;т;;;;;PART;ТО;CONJ;О
21132;;/;/;PUNCT;;;;;;;;;;PUNCT;;;
21133;;как;КАК;ADVPRO;;;- то / _как_ тебя зовут ?;к;а;к;;;;CONJ;КАК;CONJ;К
21134;;тебя;ТЫ;SPRO sg 2p - acc;;;то / как _тебя_ зовут ? ;я;б;е;т;;;SPRO;ТЫ;SPRO sg 2p - acc;Ы
21135;;зовут;ЗВАТЬ;V ipf praes pl indic - 3p;;;/ как тебя _зовут_ ?  ;т;у;в;о;з;;V;ЗВАТЬ;V ipf praes pl indic - 3p;Ь
21136;;?;?;PUNCT;;;;;;;;;;PUNCT;;;
21137;;;;;;;;;;;;;;;;;
21138;# sent = 1496;;;;;;;;;;;;;;;;
21139;# speaker = Т;;;;;;;;;;;;;;;;
21140;# sent = 1497;;;;;;;;;;;;;;;;
21141;;ну;НУ;PART;;;   _ну_ пропуск - то;у;н;;;;;PART;НУ;PART;У
21142;;пропуск;ПРОПУСК;S m inan acc sg;;;  ну _пропуск_ - то прикладываем;к;с;у;п;о;р;S;ПРОПУСК;S m inan nom sg;К
21143;;-;-;PUNCT;;;;;;;;;;PUNCT;;;
21144;;то;ТО;PART;;;ну пропуск - _то_ прикладываем  ;о;т;;;;;SPRO;ТО;S n - nom sg;О
21145;;прикладываем;ПРИКЛАДЫВАТЬ;V ipf praes pl indic - 1p;;;пропуск - то _прикладываем_   ;м;е;а;в;ы;д;V;ПРИКЛАДЫВАТЬ;V ipf praes pl indic - 1p;Ь
21146;;;;;;;;;;;;;;;;;
21147;# sent = 1498;;;;;;;;;;;;;;;;
21148;# speaker = М;;;;;;;;;;;;;;;;
21149;# sent = 1499;;;;;;;;;;;;;;;;
21150;;а;А;CONJ;;;   _а_ / а и;а;;;;;;CONJ;А;CONJ;А
21151;;/;/;PUNCT;;;;;;;;;;PUNCT;;;
21152;;а;А;CONJ;;; а / _а_ и у них;а;;;;;;CONJ;А;CONJ;А
21153;;и;И;CONJ;;;а / а _и_ у них показывается;и;;;;;;CONJ;И;CONJ;И
21154;;у;У;PR;;;/ а и _у_ них показывается ;у;;;;;;PR;У;PR;У
21155;;них;ОНИ;SPRO pl - - gen;;;а и у _них_ показывается  ;х;и;н;;;;SPRO;ОНИ;SPRO pl - - loc;И
21156;;показывается;ПОКАЗЫВАТЬСЯ;V ipf praes sg indic - 3p;;;и у них _показывается_   ;я;с;т;е;а;в;V;ПОКАЗЫВАТЬСЯ;V ipf praes sg indic - 3p;Я
21157;;;;;;;;;;;;;;;;;
21158;# sent = 1500;;;;;;;;;;;;;;;;
21159;# speaker = Т;;;;;;;;;;;;;;;;
21160;# sent = 1501;;;;;;;;;;;;;;;;
21161;;и;И;CONJ;;;   _и_ у них отображается;и;;;;;;CONJ;И;CONJ;И
21162;;у;У;PR;;;  и _у_ них отображается /;у;;;;;;PR;У;PR;У
21163;;них;ОНИ;SPRO pl - - gen;;; и у _них_ отображается / да;х;и;н;;;;SPRO;ОНИ;SPRO pl - - loc;И
21164;;отображается;ОТОБРАЖАТЬСЯ;V ipf praes sg indic - 3p;;;и у них _отображается_ / да //;я;с;т;е;а;ж;V;ОТОБРАЖАТЬСЯ;V ipf praes sg indic - 3p;Я
21165;;/;/;PUNCT;;;;;;;;;;PUNCT;;;
21166;;да;ДА;PART;;;них отображается / _да_ // имя /;а;д;;;;;CONJ;ДА;CONJ;А
21167;;//;//;PUNCT;;;;;;;;;;PUNCT;;;
21168;;имя;ИМЯ;S n inan nom sg;;;/ да // _имя_ / фамилия //;я;м;и;;;;S;ИМЯ;S n inan nom sg;Я
21169;;/;/;PUNCT;;;;;;;;;;PUNCT;;;
21170;;фамилия;ФАМИЛИЯ;S f inan nom sg;;;// имя / _фамилия_ // Но у;я;и;л;и;м;а;S;ФАМИЛИЯ;S f inan nom sg;Я
21171;;//;//;PUNCT;;;;;;;;;;PUNCT;;;
21172;;Но;НО;CONJ;;;/ фамилия // _Но_ у них благо;о;н;;;;;CONJ;НО;CONJ;О
21173;;у;У;PR;;;фамилия // Но _у_ них благо не;у;;;;;;PR;У;PR;У
21174;;них;ОНИ;SPRO pl - - gen;;;// Но у _них_ благо не отображается;х;и;н;;;;SPRO;ОНИ;SPRO pl - - loc;И
21175;;благо;БЛАГО;CONJ;;;Но у них _благо_ не отображается /;о;г;а;л;б;;CONJ;БЛАГО;CONJ;О
21176;;не;НЕ;PART;;;у них благо _не_ отображается / эээ;е;н;;;;;PART;НЕ;PART;Е
21177;;отображается;ОТОБРАЖАТЬСЯ;V ipf praes sg indic - 3p;;;них благо не _отображается_ / эээ номер;я;с;т;е;а;ж;V;ОТОБРАЖАТЬСЯ;V ipf praes sg indic - 3p;Я
21178;;/;/;PUNCT;;;;;;;;;;PUNCT;;;
21179;;эээ;ЭЭЭ;INTJ;;;не отображается / _эээ_ номер квартиры //;э;э;э;;;;NONLEX;ЭЭЭ;NONLEX;Э
21180;;номер;НОМЕР;S m inan acc sg;;;отображается / эээ _номер_ квартиры // Потому что;р;е;м;о;н;;S;НОМЕР;S m inan nom sg;Р
21181;;квартиры;КВАРТИРА;S f inan gen sg;;;/ эээ номер _квартиры_ // Потому что эт;ы;р;и;т;р;а;S;КВАРТИРА;S f inan gen sg;А
21182;;//;//;PUNCT;;;;;;;;;;PUNCT;;;
21183;;Потому что;Потому что;CONJ;;;номер квартиры // _Потому что_ эт  та;о;т;ч; ;у;м;CONJ;Потому что;CONJ;о
21184;;эт;ЭТА;S f inan gen pl;distort;;квартиры // Потому что _эт_  та ;т;э;;;;;S;ЭТА;S f inan gen pl;А
21185;"<distinct form=""";;;;;;;;;;;;;;;;
21186;<dist>;та;;;;;;;;;;;;;;;
21187;""">";;;;;;;;;;;;;;;;
21188;;тогда;ТОГДА;ADVPRO;;; та  _тогда_  вообще !;а;д;г;о;т;;ADV;ТОГДА;ADV -;А
21189;</distinct>;;;;;;;;;;;;;;;;
21190;;вообще;ВООБЩЕ;ADV -;;; тогда  _вообще_ !  ;е;щ;б;о;о;в;ADV;ВООБЩЕ;ADV -;Е
21191;;!;!;PUNCT;;;;;;;;;;PUNCT;;;
21192;;;;;;;;;;;;;;;;;
21193;# sent = 1502;;;;;;;;;;;;;;;;
21194;;//;//;PUNCT;;;;;;;;;;PUNCT;;;
21195;;ну;НУ;PART;;;  // _ну_ в общем /;у;н;;;;;PART;НУ;PART;У
21196;;в;В;PR;;; // ну _в_ общем / его;в;;;;;;PR;В;PR;В
21197;;общем;ОБЩИЙ;S n inan loc sg;;;// ну в _общем_ / его уволили;м;е;щ;б;о;;A;ОБЩИЙ;A - loc sg plen m -;Й
21198;;/;/;PUNCT;;;;;;;;;;PUNCT;;;
21199;;его;ОН;SPRO sg 3p m acc;;;в общем / _его_ уволили вообще из;о;г;е;;;;SPRO;ОН;SPRO sg 3p m acc;Н
21200;;уволили;УВОЛИТЬ;V pf praet pl indic - -;;;общем / его _уволили_ вообще из вышки;и;л;и;л;о;в;V;УВОЛИТЬ;V pf praet pl indic - -;Ь
21201;;вообще;ВООБЩЕ;ADV -;;;/ его уволили _вообще_ из вышки /;е;щ;б;о;о;в;ADV;ВООБЩЕ;ADV -;Е
21202;;из;ИЗ;PR;;;его уволили вообще _из_ вышки / то есть;з;и;;;;;PR;ИЗ;PR;З
21203;;вышки;ВЫШКА;S f inan gen sg;;;уволили вообще из _вышки_ / то есть он;и;к;ш;ы;в;;S;ВЫШКА;S f inan gen sg;А
21204;;/;/;PUNCT;;;;;;;;;;PUNCT;;;
21205;;то есть;то есть;CONJ;;;из вышки / _то есть_ он нигде теперь;ь;т;с;е; ;о;CONJ;то есть;ADV -;ь
21206;;он;ОН;SPRO sg 3p m nom;;;вышки / то есть _он_ нигде теперь больше;н;о;;;;;SPRO;ОН;SPRO sg 3p m nom;Н
21207;;нигде;НИГДЕ;ADVPRO;;;/ то есть он _нигде_ теперь больше не;е;д;г;и;н;;ADV;НИГДЕ;ADV -;Е
21208;;теперь;ТЕПЕРЬ;ADV -;;;то есть он нигде _теперь_ больше не работает;ь;р;е;п;е;т;ADV;ТЕПЕРЬ;ADV -;Ь
21209;;больше;БОЛЬШЕ;ADV -;;;он нигде теперь _больше_ не работает /;е;ш;ь;л;о;б;ADV;БОЛЬШЕ;ADV -;Е
21210;;не;НЕ;PART;;;нигде теперь больше _не_ работает / где;е;н;;;;;PART;НЕ;PART;Е
21211;;работает;РАБОТАТЬ;V ipf praes sg indic - 3p;;;теперь больше не _работает_ / где что-то;т;е;а;т;о;б;V;РАБОТАТЬ;V ipf praes sg indic - 3p;Ь
21212;;/;/;PUNCT;;;;;;;;;;PUNCT;;;
21213;;где;ГДЕ;ADVPRO;;;не работает / _где_ что-то связано с;е;д;г;;;;ADV;ГДЕ;ADV -;Е
21214;;что-то;ЧТО-ТО;SPRO n inan nom sg;;;работает / где _что-то_ связано с вышкой;о;т;-;о;т;ч;SPRO;ЧТО-ТО;S n - nom sg;О
21215;;связано;СВЯЗАННЫЙ;A - - sg brev n -;;;/ где что-то _связано_ с вышкой //;о;н;а;з;я;в;A;СВЯЗАННЫЙ;A - - sg brev n -;Й
21216;;с;С;PR;;;где что-то связано _с_ вышкой // ну;с;;;;;;PR;С;PR;С
21217;;вышкой;ВЫШКА;S f inan ins sg;;;что-то связано с _вышкой_ // ну как бы;й;о;к;ш;ы;в;S;ВЫШКА;S f inan ins sg;А
21218;;//;//;PUNCT;;;;;;;;;;PUNCT;;;
21219;;ну;НУ;PART;;;с вышкой // _ну_ как бы блин /;у;н;;;;;PART;НУ;PART;У
21220;;как бы;как бы;PART;;;вышкой // ну _как бы_ блин / пользование;ы;б; ;к;а;к;PART;как бы;ADV -;ы
21221;;блин;БЛИН;INTJ -;;;// ну как бы _блин_ / пользование личной;н;и;л;б;;;S;БЛИН;S m inan nom sg;Н
21222;;/;/;PUNCT;;;;;;;;;;PUNCT;;;
21223;;пользование;ПОЛЬЗОВАНИЕ;S n inan acc sg;;;как бы блин / _пользование_ личной информацией //;е;и;н;а;в;о;S;ПОЛЬЗОВАНИЕ;S n inan acc sg;Е
21224;;личной;ЛИЧНЫЙ;A - ins sg plen f -;;;блин / пользование _личной_ информацией // как бы;й;о;н;ч;и;л;A;ЛИЧНЫЙ;A - ins sg plen f -;Й
21225;;информацией;ИНФОРМАЦИЯ;S f inan ins sg;;;/ пользование личной _информацией_ // как бы нет;й;е;и;ц;а;м;S;ИНФОРМАЦИЯ;S f inan ins sg;Я
21226;;//;//;PUNCT;;;;;;;;;;PUNCT;;;
21227;;как бы;как бы;PART;;;личной информацией // _как бы_ нет  ;ы;б; ;к;а;к;PART;как бы;ADV -;ы
21228;;нет;НЕТ;PART;;;информацией // как бы _нет_   ;т;е;н;;;;PART;НЕТ;PART;Т
21229;;;;;;;;;;;;;;;;;
21230;# sent = 1503;;;;;;;;;;;;;;;;
21231;# speaker = М;;;;;;;;;;;;;;;;
21232;# sent = 1504;;;;;;;;;;;;;;;;
21233;;ну;НУ;PART;;;   _ну_ / конечно ;у;н;;;;;PART;НУ;PART;У
21234;;/;/;PUNCT;;;;;;;;;;PUNCT;;;
21235;;конечно;КОНЕЧНО;PARENTH;;; ну / _конечно_   ;о;н;ч;е;н;о;ADV;КОНЕЧНО;ADV -;О
21236;;;;;;;;;;;;;;;;;
21237;# sent = 1505;;;;;;;;;;;;;;;;
21238;# speaker = Т;;;;;;;;;;;;;;;;
21239;# sent = 1506;;;;;;;;;;;;;;;;
21240;;да;ДА;PART;;;   _да_ блин / стрёмно;а;д;;;;;CONJ;ДА;CONJ;А
21241;;блин;БЛИН;INTJ -;;;  да _блин_ / стрёмно блин;н;и;л;б;;;S;БЛИН;S m inan nom sg;Н
21242;;/;/;PUNCT;;;;;;;;;;PUNCT;;;
21243;;стрёмно;СТРЕМНЫЙ;ADV -;;;да блин / _стрёмно_ блин ! ;о;н;м;ё;р;т;A;СТРЕМНЫЙ;A - - sg brev n -;Й
21244;;блин;БЛИН;INTJ -;;;блин / стрёмно _блин_ !  ;н;и;л;б;;;S;БЛИН;S m inan nom sg;Н
21245;;!;!;PUNCT;;;;;;;;;;PUNCT;;;
21246;;;;;;;;;;;;;;;;;
21247;# sent = 1507;;;;;;;;;;;;;;;;
21248;;//;//;PUNCT;;;;;;;;;;PUNCT;;;
21249;;мама;МАМА;S f anim nom sg;;;  // _мама_ мне говорит //;а;м;а;м;;;S;МАМА;S f anim nom sg;А
21250;;мне;Я;SPRO sg 1p - dat;;; // мама _мне_ говорит // маньяки;е;н;м;;;;SPRO;Я;SPRO sg 1p - dat;Я
21251;;говорит;ГОВОРИТЬ;V ipf praes sg indic - 3p;;;// мама мне _говорит_ // маньяки ходят;т;и;р;о;в;о;V;ГОВОРИТЬ;V ipf praes sg indic - 3p;Ь
21252;;//;//;PUNCT;;;;;;;;;;PUNCT;;;
21253;;маньяки;МАНЬЯК;S m anim nom pl;;;мне говорит // _маньяки_ ходят в электричках;и;к;я;ь;н;а;S;МАНЬЯК;S m anim nom pl;К
21254;;ходят;ХОДИТЬ;V ipf praes pl indic - 3p;;;говорит // маньяки _ходят_ в электричках //;т;я;д;о;х;;V;ХОДИТЬ;V ipf praes pl indic - 3p;Ь
21255;;в;В;PR;;;// маньяки ходят _в_ электричках // они;в;;;;;;PR;В;PR;В
21256;;электричках;ЭЛЕКТРИЧКА;S f inan loc pl;;;маньяки ходят в _электричках_ // они живут;х;а;к;ч;и;р;S;ЭЛЕКТРИЧКА;S f inan loc pl;А
21257;;//;//;PUNCT;;;;;;;;;;PUNCT;;;
21258;;они;ОНИ;SPRO pl - - nom;;;в электричках // _они_ живут блин под;и;н;о;;;;SPRO;ОНИ;SPRO pl - - nom;И
21259;;живут;ЖИТЬ;V ipf praes pl indic - 3p;;;электричках // они _живут_ блин под нами;т;у;в;и;ж;;V;ЖИТЬ;V ipf praes pl indic - 3p;Ь
21260;;блин;БЛИН;INTJ -;;;// они живут _блин_ под нами !;н;и;л;б;;;S;БЛИН;S m inan acc sg;Н
21261;;под;ПОД;PR;;;они живут блин _под_ нами ! ;д;о;п;;;;PR;ПОД;PR;Д
21262;;нами;МЫ;SPRO pl 1p - ins;;;живут блин под _нами_ !  ;и;м;а;н;;;SPRO;МЫ;SPRO pl 1p - ins;Ы
21263;;!;!;PUNCT;;;;;;;;;;PUNCT;;;
21264;;;;;;;;;;;;;;;;;
21265;# sent = 1508;;;;;;;;;;;;;;;;
21266;#  #;;;;;;;;;;;;;;;;
21266;#  #;;;;;;;;;;;;;;;;
21266;#  #;;;;;;;;;;;;;;;;
21266;#  #;;;;;;;;;;;;;;;;
21266;#  #;;;;;;;;;;;;;;;;
21266;#  #;;;;;;;;;;;;;;;;
21266;#  #;;;;;;;;;;;;;;;;
21266;#  #;;;;;;;;;;;;;;;;
